url	timestamp	results_domestic_cloud	results_domestic_direct	results_foreign_cloud	results_foreign_direct	resilience
https://0rz.tw	2026-01-05T19:56:54.988Z	0	0	1	0	0
https://100.com.tw	2026-01-05T20:09:30.930Z	1	0	0	0	1
https://100y.com.tw	2026-01-05T20:57:46.148Z	1	0	1	0	0
https://1010apothecary.com.tw	2026-01-05T20:54:16.936Z	3	1	6	0	0
https://104.com.tw	2026-01-05T19:38:42.700Z	7	3	4	0	0
https://10mart.com.tw	2026-01-05T21:10:10.805Z	11	2	2	0	0
https://1111.com.tw	2026-01-05T19:43:14.756Z	2	0	0	0	1
https://1337x.tw	2026-01-05T19:53:08.774Z	2	0	3	0	0
https://16personalities.com	2026-01-05T19:44:31.963Z	3	0	1	0	0
https://17sing.tw	2026-01-05T20:35:34.044Z	3	1	0	0	1
https://1966.gov.tw	2026-01-05T20:50:05.045Z	4	0	0	0	1
https://1976.com.tw	2026-01-05T20:19:29.744Z	4	2	3	0	0
https://1shop.tw	2026-01-05T20:17:21.381Z	3	1	1	0	0
https://1xbet.com.tw	2026-01-05T20:43:15.086Z	0	1	0	1	0
https://24h.pchome.com.tw	2026-01-05T19:45:08.410Z	5	1	20	0	0
https://28365365.tw	2026-01-05T20:46:52.010Z	0	0	0	2	0
https://3c.ltn.com.tw	2026-01-05T19:57:16.178Z	12	3	13	0	0
https://3d-movies.tw	2026-01-05T20:45:42.328Z	2	2	1	0	0
https://3jtech.com.tw	2026-01-05T20:41:31.478Z	1	1	0	0	1
https://3p.momo.com.tw	2026-01-05T20:22:49.869Z	1	0	0	0	1
https://3people.com.tw	2026-01-05T21:05:35.159Z	6	1	8	0	0
https://4gamers.com.tw	2026-01-05T19:52:15.494Z	5	1	0	0	1
https://500.gov.tw	2026-01-05T21:10:55.136Z	3	1	1	0	0
https://518.com.tw	2026-01-05T20:08:47.592Z	6	1	1	0	0
https://5432.tw	2026-01-05T20:41:26.430Z	0	0	1	0	0
https://551.com.tw	2026-01-05T20:31:54.456Z	1	0	3	0	0
https://591.com.tw	2026-01-05T19:39:29.284Z	9	6	0	0	1
https://69shu.tw	2026-01-05T20:18:57.821Z	0	0	3	0	0
https://69shuba.tw	2026-01-05T19:45:28.197Z	0	0	2	1	0
https://7-11.com.tw	2026-01-05T19:39:26.064Z	5	1	2	0	0
https://70thvictory.com.tw	2026-01-05T21:08:46.843Z	2	0	1	0	0
https://711go.7-11.com.tw	2026-01-05T21:12:16.723Z	3	1	1	0	0
https://777s.com.tw	2026-01-05T20:21:48.427Z	0	1	0	0	1
https://7car.tw	2026-01-05T20:43:03.593Z	4	2	2	0	0
https://8591.com.tw	2026-01-05T19:52:29.128Z	8	5	0	0	1
https://8891.com.tw	2026-01-05T19:41:34.726Z	11	1	0	0	1
https://91pu.com.tw	2026-01-05T20:16:51.721Z	3	1	2	0	0
https://945.com.tw	2026-01-05T20:50:08.817Z	8	1	0	0	1
https://9x9.tw	2026-01-05T20:14:59.401Z	5	4	4	0	0
https://a-team.com.tw	2026-01-05T20:59:40.807Z	1	1	0	0	1
https://a3j.com.tw	2026-01-05T21:12:52.503Z	1	0	1	0	0
https://abic.com.tw	2026-01-05T20:51:48.577Z	8	2	1	0	0
https://abit.com.tw	2026-01-05T20:55:48.423Z	1	0	2	0	0
https://addmaker.tw	2026-01-05T20:35:20.339Z	4	0	1	1	0
https://adidas.com.tw	2026-01-05T20:10:22.842Z	13	1	10	0	0
https://adl.edu.tw	2026-01-05T19:57:49.660Z	1	0	1	0	0
https://admin.1shop.tw	2026-01-05T21:03:55.504Z	4	0	3	0	0
https://adtrafficquality.google	2026-01-05T19:44:55.170Z	5	0	0	0	1
https://advantech.com.tw	2026-01-05T20:32:50.901Z	2	0	9	0	0
https://aftee.tw	2026-01-05T20:25:42.004Z	4	0	0	0	1
https://agentm.tw	2026-01-05T20:54:08.119Z	8	2	8	0	0
https://agriharvest.tw	2026-01-05T21:06:22.806Z	9	1	4	0	0
https://ahop.com.tw	2026-01-05T20:37:47.822Z	0	1	0	0	1
https://aiporn.tw	2026-01-05T22:57:20.233Z	1	0	2	0	0
https://airbnb.com.tw	2026-01-05T20:12:46.547Z	0	2	0	0	1
https://ajtravel.tw	2026-01-05T21:04:35.803Z	3	2	1	0	0
https://allmarketing.com.tw	2026-01-05T20:32:09.412Z	5	0	0	0	1
https://almablog.tw	2026-01-05T21:11:53.602Z	7	1	3	0	0
https://amazon.com	2026-01-05T19:44:34.657Z	1	0	0	0	1
https://amcham.com.tw	2026-01-05T21:02:30.637Z	2	0	4	0	0
https://amis.afa.gov.tw	2026-01-05T19:59:16.367Z	1	0	0	0	1
https://andenhud.com.tw	2026-01-05T20:49:18.820Z	6	2	5	2	0
https://ani.gamer.com.tw	2026-01-05T19:45:41.045Z	4	2	1	0	0
https://anise.tw	2026-01-05T21:11:18.091Z	4	1	1	2	0
https://anson.com.tw	2026-01-05T21:04:31.298Z	1	1	2	0	0
https://apk.tw	2026-01-05T19:46:00.520Z	2	1	3	0	0
https://app.yamol.tw	2026-01-05T20:18:53.706Z	3	1	4	0	0
https://appedu.com.tw	2026-01-05T20:19:58.113Z	11	3	5	0	0
https://apple.com	2026-01-05T19:38:37.013Z	1	0	0	1	0
https://appletrees.tw	2026-01-05T21:04:48.785Z	4	1	2	0	0
https://appsflyer.com	2026-01-05T19:44:16.687Z	5	2	11	0	0
https://arch-web.com.tw	2026-01-05T20:57:45.726Z	1	0	1	0	0
https://arch-world.com.tw	2026-01-05T20:48:37.321Z	6	0	1	0	0
https://archi.net.tw	2026-01-05T20:42:55.433Z	4	0	2	0	0
https://arcteryx.com.tw	2026-01-05T20:32:16.156Z	5	1	4	0	0
https://article.sportslottery.com.tw	2026-01-05T19:59:15.985Z	1	2	0	0	1
https://articles.onemoreplace.tw	2026-01-05T19:59:17.497Z	1	0	1	1	0
https://artisan.com.tw	2026-01-05T21:14:40.496Z	7	3	4	0	0
https://asix.com.tw	2026-01-05T21:06:40.873Z	3	1	0	0	1
https://asrock.com.tw	2026-01-05T21:08:32.249Z	4	1	1	0	0
https://audi.com.tw	2026-01-05T20:22:56.337Z	24	6	6	0	0
https://auto.ltn.com.tw	2026-01-05T19:59:20.457Z	12	3	13	0	0
https://autobuy.tw	2026-01-05T20:57:28.654Z	3	1	4	0	0
https://autos.yahoo.com.tw	2026-01-05T19:57:40.960Z	6	2	4	0	0
https://auzo.tw	2026-01-05T19:57:01.906Z	2	0	4	0	0
https://avast.com	2026-01-05T19:43:33.754Z	7	1	4	0	0
https://avex.com.tw	2026-01-05T20:38:12.604Z	1	0	0	0	1
https://aviewfrommyseat.tw	2026-01-05T20:31:43.479Z	1	0	2	0	0
https://avivid.likr.tw	2026-01-05T20:09:11.159Z	3	0	3	0	0
https://awb.cpbl.com.tw	2026-01-05T20:23:46.899Z	1	1	0	0	1
https://azure.com	2026-01-05T19:41:19.212Z	4	1	5	0	0
https://ba.org.tw	2026-01-05T20:13:38.785Z	2	0	0	0	1
https://baidu.com	2026-01-05T19:38:48.577Z	0	0	0	11	0
https://baidu.hk	2026-01-05T19:43:32.076Z	0	0	0	8	0
https://bausch.com.tw	2026-01-05T20:57:35.417Z	2	0	1	0	0
https://bbbobo.com.tw	2026-01-05T19:59:03.164Z	2	0	0	0	1
https://bdc.com.tw	2026-01-05T20:32:21.084Z	1	0	1	0	0
https://beams.tw	2026-01-05T21:11:01.857Z	8	2	1	0	0
https://bella.tw	2026-01-05T19:54:31.498Z	10	1	13	0	0
https://best-doctor.com.tw	2026-01-05T21:15:57.289Z	6	1	1	0	0
https://bfy.tw	2026-01-05T20:16:56.245Z	0	0	1	0	0
https://biga.com.tw	2026-01-05T20:20:01.699Z	4	0	1	0	0
https://bigfang.tw	2026-01-05T20:49:06.587Z	4	1	5	0	0
https://biggo.com.tw	2026-01-05T19:51:12.092Z	1	1	0	0	1
https://bilibili.com	2026-01-05T19:39:13.245Z	2	0	0	5	0
https://bing.com	2026-01-05T19:38:57.977Z	0	2	0	0	1
https://biodiv.tw	2026-01-05T20:37:47.507Z	3	0	0	0	1
https://biquge.tw	2026-01-05T19:45:24.358Z	0	0	2	0	0
https://biquwu.tw	2026-01-05T20:50:22.663Z	0	0	2	0	0
https://bjsmile.tw	2026-01-05T21:13:50.158Z	6	1	6	1	0
https://blake.com.tw	2026-01-05T20:15:51.355Z	4	1	3	0	0
https://blog.104.com.tw	2026-01-05T21:07:36.234Z	4	1	2	0	0
https://blogspot.tw	2026-01-05T19:47:24.846Z	2	0	0	0	1
https://bmw.com.tw	2026-01-05T20:13:00.870Z	5	4	1	0	0
https://bnext.com.tw	2026-01-05T19:47:49.186Z	12	0	18	0	0
https://bobbyfun.tw	2026-01-05T19:41:10.147Z	1	0	1	2	0
https://bomtoon.tw	2026-01-05T20:14:30.842Z	5	1	3	0	0
https://bonnyread.com.tw	2026-01-05T21:18:39.466Z	16	1	8	0	0
https://book.com.tw	2026-01-05T20:08:22.999Z	6	0	0	0	1
https://bookmarks.tw	2026-01-05T21:18:06.422Z	0	1	1	0	0
https://books.com.tw	2026-01-05T19:39:47.194Z	6	0	0	0	1
https://books.google.com.tw	2026-01-05T21:17:20.954Z	4	0	0	0	1
https://bookwalker.com.tw	2026-01-05T20:06:55.638Z	4	1	4	0	0
https://bose.tw	2026-01-05T21:15:37.557Z	6	1	2	0	0
https://bqge.tw	2026-01-05T21:16:52.523Z	1	0	3	0	0
https://braflix.tw	2026-01-05T20:51:22.055Z	5	0	6	2	0
https://breaktime.com.tw	2026-01-05T20:13:04.672Z	1	0	3	0	0
https://bridgestone.com.tw	2026-01-05T21:10:45.609Z	6	3	0	0	1
https://bunnyann.tw	2026-01-05T19:56:50.473Z	2	1	1	0	0
https://burgerking.com.tw	2026-01-05T20:14:41.354Z	10	3	8	0	0
https://business.591.com.tw	2026-01-05T20:17:33.746Z	2	0	0	0	1
https://businesstoday.com.tw	2026-01-05T19:39:58.274Z	11	1	15	0	0
https://businessweekly.com.tw	2026-01-05T19:42:45.790Z	19	2	3	0	0
https://buy.gamer.com.tw	2026-01-05T19:59:19.346Z	8	2	1	0	0
https://buy.housefun.com.tw	2026-01-05T21:12:43.492Z	11	2	2	0	0
https://buy.yungching.com.tw	2026-01-05T20:20:08.735Z	8	3	2	0	0
https://buy123.com.tw	2026-01-05T20:14:51.560Z	9	1	5	0	0
https://buyandship.com.tw	2026-01-05T21:04:27.810Z	6	2	6	0	0
https://buyplus1.com.tw	2026-01-05T19:59:21.579Z	4	1	3	0	0
https://bvshop.tw	2026-01-05T20:48:48.285Z	3	1	2	0	0
https://c.8891.com.tw	2026-01-05T20:17:28.383Z	13	2	1	0	0
https://canceraway.org.tw	2026-01-05T21:13:17.009Z	6	1	0	0	1
https://capable.com.tw	2026-01-05T20:48:15.626Z	2	0	1	0	0
https://capitalfund.com.tw	2026-01-05T20:47:24.027Z	8	2	5	0	0
https://cardu.com.tw	2026-01-05T20:09:37.725Z	9	2	4	0	0
https://careonline.com.tw	2026-01-05T20:46:17.841Z	2	0	1	0	0
https://carrefour.com.tw	2026-01-05T19:52:48.130Z	4	2	3	0	0
https://cars.tvbs.com.tw	2026-01-05T20:18:22.206Z	8	1	3	0	0
https://carstuff.com.tw	2026-01-05T20:57:38.899Z	11	3	2	0	0
https://cart.books.com.tw	2026-01-05T20:18:28.441Z	8	1	0	0	1
https://cathay-ins.com.tw	2026-01-05T20:13:36.361Z	5	4	4	0	0
https://cathaybk.com.tw	2026-01-05T19:49:36.983Z	2	0	1	0	0
https://catholic.org.tw	2026-01-05T20:49:12.798Z	2	0	0	0	1
https://ccr.com.tw	2026-01-05T20:50:02.934Z	1	1	0	0	1
https://chahwa.com.tw	2026-01-05T20:20:12.277Z	3	0	0	0	1
https://chanchao.com.tw	2026-01-05T20:06:12.603Z	5	1	1	0	0
https://chao60.com.tw	2026-01-05T21:12:20.561Z	2	1	0	0	1
https://chateaux.com.tw	2026-01-05T21:12:33.274Z	3	0	0	1	0
https://chch.tw	2026-01-05T20:30:49.840Z	0	0	1	0	0
https://chickpt.com.tw	2026-01-05T20:08:35.521Z	5	1	1	0	0
https://chlin.com.tw	2026-01-05T21:11:09.091Z	1	0	0	0	1
https://cirn.moe.edu.tw	2026-01-05T21:15:13.677Z	5	0	0	0	1
https://cis.ncu.edu.tw	2026-01-05T20:20:21.054Z	1	1	0	0	1
https://cite.com.tw	2026-01-05T20:32:33.780Z	5	1	0	0	1
https://clibo.tw	2026-01-05T21:10:05.970Z	2	1	1	0	0
https://clock.stdtime.gov.tw	2026-01-05T21:10:39.382Z	0	1	0	0	1
https://cloud.edu.tw	2026-01-05T20:23:57.351Z	3	0	1	0	0
https://cloudbm.nlma.gov.tw	2026-01-05T20:20:18.189Z	3	0	2	0	0
https://cloudflare-dns.com	2026-01-05T19:41:00.956Z	1	0	2	0	0
https://cloudmax.com.tw	2026-01-05T21:12:37.443Z	1	0	1	1	0
https://cloudschool.chc.edu.tw	2026-01-05T20:20:20.323Z	1	0	0	0	1
https://cmeyy.tw	2026-01-05T21:15:41.585Z	4	1	1	1	0
https://cmmedia.com.tw	2026-01-05T20:41:10.015Z	7	1	4	0	0
https://cmnews.com.tw	2026-01-05T19:56:40.334Z	0	2	1	0	0
https://cmoney.tw	2026-01-05T19:39:11.057Z	12	5	4	0	0
https://cmu.edu.tw	2026-01-05T19:49:20.111Z	7	0	0	0	1
https://cna.com.tw	2026-01-05T19:38:51.345Z	1	1	1	0	0
https://cnbeta.com.tw	2026-01-05T20:11:19.164Z	5	0	2	0	0
https://cnews.com.tw	2026-01-05T20:33:01.002Z	5	1	5	1	0
https://cnyes.com	2026-01-05T19:38:49.292Z	9	3	8	0	0
https://cofacts.tw	2026-01-05T20:10:17.586Z	1	0	4	0	0
https://commerce.com.tw	2026-01-05T20:58:05.330Z	0	1	2	0	0
https://community.rakuya.com.tw	2026-01-05T20:20:23.911Z	14	1	2	0	0
https://conn.tw	2026-01-05T20:26:14.542Z	3	0	0	0	1
https://cons.judicial.gov.tw	2026-01-05T21:17:32.370Z	3	0	0	0	1
https://contenta.tw	2026-01-05T20:54:30.305Z	3	1	3	0	0
https://cookpad.com	2026-01-05T19:40:52.878Z	3	1	2	0	0
https://cookpot.com.tw	2026-01-05T21:11:21.772Z	3	2	0	0	1
https://cool-style.com.tw	2026-01-05T20:24:55.689Z	14	2	15	2	0
https://cool.ntu.edu.tw	2026-01-05T19:59:23.217Z	0	2	0	0	1
https://coolgame.com.tw	2026-01-05T20:41:12.477Z	0	1	0	0	1
https://coolpc.com.tw	2026-01-05T20:11:11.478Z	2	2	0	0	1
https://cosme.net.tw	2026-01-05T20:09:51.028Z	7	2	9	0	0
https://costco.com.tw	2026-01-05T19:39:42.109Z	3	0	1	0	0
https://cpbl.com.tw	2026-01-05T19:42:35.728Z	1	3	0	0	1
https://cpc.org.tw	2026-01-05T20:43:22.455Z	9	3	4	0	0
https://cpok.tw	2026-01-05T20:53:59.539Z	3	0	1	0	0
https://cpu.com.tw	2026-01-05T21:16:55.479Z	2	0	1	0	0
https://criteo.com	2026-01-05T19:44:46.145Z	5	2	14	2	0
https://ct.org.tw	2026-01-05T20:36:05.245Z	6	0	4	0	0
https://ctimes.com.tw	2026-01-05T20:44:14.375Z	5	2	4	0	0
https://ctitv.com.tw	2026-01-05T20:48:11.066Z	6	1	4	2	0
https://ctworld.org.tw	2026-01-05T20:55:08.545Z	1	0	0	1	0
https://curly.com.tw	2026-01-05T21:08:07.680Z	5	2	5	0	0
https://cute.edu.tw	2026-01-05T20:33:29.986Z	4	1	1	0	0
https://cwgv.com.tw	2026-01-05T20:29:34.051Z	2	0	0	0	1
https://cycu.edu.tw	2026-01-05T19:49:46.535Z	5	1	0	0	1
https://da.net.tw	2026-01-05T20:30:42.013Z	1	0	1	0	0
https://dailyview.tw	2026-01-05T20:31:33.729Z	4	1	1	0	0
https://data.gov.tw	2026-01-05T20:36:05.574Z	6	0	1	0	0
https://daybuy.tw	2026-01-05T19:56:32.429Z	4	0	3	0	0
https://db.books.com.tw	2026-01-05T20:22:48.902Z	1	0	0	0	1
https://dbs.com.tw	2026-01-05T20:01:29.472Z	8	1	4	0	0
https://ddm.org.tw	2026-01-05T20:33:40.232Z	0	0	1	0	0
https://decathlon.tw	2026-01-05T20:11:27.512Z	5	1	8	0	0
https://decing.tw	2026-01-05T21:17:12.014Z	3	0	2	0	0
https://def.ltn.com.tw	2026-01-05T19:58:40.105Z	11	3	13	0	0
https://dentco.tw	2026-01-05T20:49:18.719Z	3	0	3	0	0
https://devilcase.com.tw	2026-01-05T20:20:24.245Z	4	1	1	0	0
https://dict.concised.moe.edu.tw	2026-01-05T19:59:01.765Z	2	0	0	0	1
https://dict.idioms.moe.edu.tw	2026-01-05T20:19:45.658Z	1	0	0	1	0
https://dict.revised.moe.edu.tw	2026-01-05T19:57:45.549Z	2	0	0	0	1
https://dict.variants.moe.edu.tw	2026-01-05T21:12:40.029Z	2	0	0	0	1
https://digitalarchives.tw	2026-01-05T20:32:36.931Z	6	1	1	0	0
https://digitalmaster.knsh.com.tw	2026-01-05T20:20:26.102Z	3	0	0	0	1
https://digitimes.com.tw	2026-01-05T19:52:55.092Z	11	1	1	0	0
https://directwines.com.tw	2026-01-05T20:39:31.638Z	2	0	0	0	1
https://discord.com	2026-01-05T19:43:35.002Z	4	0	6	0	0
https://disp.cc	2026-01-05T19:44:14.390Z	2	2	4	0	0
https://dns.google	2026-01-05T19:41:12.586Z	2	0	1	0	0
https://doubleclick.net	2026-01-05T19:40:21.915Z	8	0	0	0	1
https://doujin.com.tw	2026-01-05T20:47:57.582Z	7	2	5	0	0
https://douyin.com	2026-01-05T19:43:01.614Z	0	0	0	1	0
https://dpshop.com.tw	2026-01-05T21:05:43.383Z	6	2	2	0	0
https://drxsw.com	2026-01-05T19:45:01.643Z	1	0	1	0	0
https://dunlop-kc.com.tw	2026-01-05T20:52:32.147Z	7	1	1	0	0
https://dyson.tw	2026-01-05T20:07:33.503Z	4	2	2	0	0
https://dyu.edu.tw	2026-01-05T20:15:07.868Z	1	0	1	0	0
https://e-ballooncastle.com.tw	2026-01-05T20:37:27.295Z	0	1	0	0	1
https://e-info.org.tw	2026-01-05T20:22:19.588Z	6	2	3	0	0
https://easycamp.com.tw	2026-01-05T21:14:11.230Z	3	3	1	0	0
https://easylife.tw	2026-01-05T20:32:12.803Z	0	0	1	1	0
https://easymap.land.moi.gov.tw	2026-01-05T20:20:29.661Z	1	0	0	0	1
https://eatogether.com.tw	2026-01-05T21:06:46.615Z	3	0	1	0	0
https://ebc.net.tw	2026-01-05T19:43:58.129Z	8	3	9	0	0
https://ebill.ba.org.tw	2026-01-05T20:20:31.278Z	0	1	0	0	1
https://ebookservice.tw	2026-01-05T21:04:51.236Z	0	0	1	0	0
https://ec-w.shopping.friday.tw	2026-01-05T20:22:51.698Z	2	0	0	0	1
https://ec.blueco.com.tw	2026-01-05T20:20:32.558Z	6	2	3	0	0
https://ec.ltn.com.tw	2026-01-05T19:45:09.717Z	11	3	12	0	0
https://eclass.fy.edu.tw	2026-01-05T20:20:31.542Z	1	0	0	0	1
https://eclass2.csu.edu.tw	2026-01-05T20:14:43.181Z	1	0	0	0	1
https://eclass2.nttu.edu.tw	2026-01-05T20:20:33.129Z	1	0	0	0	1
https://eclife.com.tw	2026-01-05T20:47:49.146Z	5	2	11	0	0
https://ecom.mohw.gov.tw	2026-01-05T20:35:15.616Z	1	0	0	0	1
https://ecourse2.ccu.edu.tw	2026-01-05T20:20:34.621Z	2	0	2	0	0
https://ecssl.pchome.com.tw	2026-01-05T19:59:25.182Z	5	1	20	0	0
https://ecvdr.pchome.com.tw	2026-01-05T20:20:34.429Z	0	0	3	0	0
https://ecvip.pchome.com.tw	2026-01-05T19:58:22.730Z	4	0	7	0	0
https://edesk.bli.gov.tw	2026-01-05T21:13:31.049Z	2	0	0	0	1
https://edh.tw	2026-01-05T19:51:47.288Z	9	4	9	0	0
https://edisc3.hle.com.tw	2026-01-05T20:20:35.405Z	1	1	1	0	0
https://eeclass.hwai.edu.tw	2026-01-05T20:22:54.175Z	1	0	0	0	1
https://eeclass.nptu.edu.tw	2026-01-05T20:20:36.246Z	1	0	0	0	1
https://eeclass.nthu.edu.tw	2026-01-05T19:59:25.104Z	0	1	0	0	1
https://eeclass.utaipei.edu.tw	2026-01-05T20:20:37.013Z	1	0	0	0	1
https://eeclass3.ouk.edu.tw	2026-01-05T20:20:38.670Z	3	0	0	0	1
https://efshop.com.tw	2026-01-05T21:08:40.538Z	14	3	12	1	0
https://elearn.hrd.gov.tw	2026-01-05T19:59:26.957Z	3	0	0	0	1
https://elearn2.fju.edu.tw	2026-01-05T20:20:40.709Z	2	2	0	0	1
https://elearning.tii.org.tw	2026-01-05T20:22:56.530Z	1	1	0	0	1
https://elle.com	2026-01-05T19:41:01.070Z	3	1	8	0	0
https://emailcash.com.tw	2026-01-05T19:59:10.439Z	5	2	4	0	0
https://emax.net.tw	2026-01-05T19:50:31.887Z	0	1	0	0	1
https://engoo.com.tw	2026-01-05T20:58:07.125Z	8	1	5	0	0
https://enjoytaoyuan.tycg.gov.tw	2026-01-05T20:24:12.752Z	6	0	1	0	0
https://ent.ltn.com.tw	2026-01-05T19:58:27.725Z	12	3	18	0	0
https://ent.tw	2026-01-05T20:54:53.991Z	0	0	0	3	0
https://epochtimes.com.tw	2026-01-05T20:39:57.858Z	3	0	2	0	0
https://eprice.com.tw	2026-01-05T20:05:38.416Z	9	0	0	0	1
https://epson.com.tw	2026-01-05T20:49:03.838Z	7	1	5	0	0
https://ero-labs.world	2026-01-05T19:44:46.736Z	3	1	2	0	0
https://esa.ntpc.edu.tw	2026-01-05T19:59:28.126Z	1	0	0	0	1
https://estate.ltn.com.tw	2026-01-05T19:59:30.071Z	10	3	12	2	0
https://etmall.com.tw	2026-01-05T19:50:44.847Z	6	5	1	0	0
https://etoro.tw	2026-01-05T20:32:42.313Z	1	0	7	0	0
https://ettoday.net	2026-01-05T19:38:33.679Z	12	6	6	0	0
https://etutor.moe.gov.tw	2026-01-05T21:17:20.822Z	1	1	0	0	1
https://event.culture.tw	2026-01-05T20:46:07.784Z	1	1	0	0	1
https://evox.com.tw	2026-01-05T21:05:54.203Z	6	2	10	0	0
https://exxs.tw	2026-01-05T23:23:45.224Z	0	0	1	0	0
https://eyedoctor.com.tw	2026-01-05T21:17:00.691Z	5	1	1	0	0
https://eyny.com	2026-01-05T19:42:53.504Z	2	0	0	12	0
https://ez3c.tw	2026-01-05T22:44:44.683Z	3	0	5	0	0
https://ezbox.idv.tw	2026-01-05T20:48:59.322Z	3	3	0	0	1
https://ezpost.post.gov.tw	2026-01-05T20:22:58.205Z	1	0	0	0	1
https://eztravel.com.tw	2026-01-05T19:50:41.827Z	7	1	10	0	0
https://f2movies.tw	2026-01-05T20:49:34.917Z	5	0	7	1	0
https://facebook.com	2026-01-05T19:38:17.723Z	0	2	0	0	1
https://fastly.net	2026-01-05T19:43:47.017Z	1	0	2	0	0
https://fate-go.com.tw	2026-01-05T20:18:08.990Z	6	0	1	0	0
https://fbcdn.net	2026-01-05T19:40:36.471Z	0	2	0	0	1
https://fcmi.com.tw	2026-01-05T19:51:05.275Z	1	0	2	0	0
https://fiftyplus.com.tw	2026-01-05T20:46:48.497Z	8	1	3	0	0
https://finance.technews.tw	2026-01-05T20:20:42.409Z	8	1	1	0	0
https://findbiz.nat.gov.tw	2026-01-05T19:57:47.497Z	3	0	1	0	0
https://findcar.com.tw	2026-01-05T21:11:25.212Z	4	3	0	0	1
https://findcompany.com.tw	2026-01-05T20:29:50.289Z	1	0	3	0	0
https://findprice.com.tw	2026-01-05T20:06:42.425Z	7	3	0	0	1
https://findrate.tw	2026-01-05T20:54:04.047Z	4	0	3	0	0
https://finfo.tw	2026-01-05T21:08:02.746Z	5	1	1	0	0
https://firich.com.tw	2026-01-05T20:37:13.381Z	1	0	0	0	1
https://fitnessfactory.com.tw	2026-01-05T20:54:43.800Z	9	2	0	0	1
https://flight.eztravel.com.tw	2026-01-05T19:59:13.649Z	7	1	10	0	0
https://flipclass.stust.edu.tw	2026-01-05T19:59:28.812Z	1	0	0	0	1
https://focustaiwan.tw	2026-01-05T19:47:30.264Z	7	1	3	0	0
https://food.ltn.com.tw	2026-01-05T21:19:22.367Z	12	3	9	0	0
https://forum.gamer.com.tw	2026-01-05T19:45:03.167Z	1	2	2	0	0
https://free.com.tw	2026-01-05T20:39:46.492Z	1	0	1	0	0
https://freedom.net.tw	2026-01-05T20:51:43.222Z	7	1	0	0	1
https://friday.tw	2026-01-05T20:03:04.094Z	8	1	2	0	0
https://ftbus.com.tw	2026-01-05T21:19:42.320Z	1	0	0	0	1
https://ftnn.com.tw	2026-01-05T20:12:00.508Z	4	3	9	0	0
https://fubon-ebrokerdj.fbs.com.tw	2026-01-05T20:20:41.740Z	1	1	0	0	1
https://fullfenblog.tw	2026-01-05T20:43:27.877Z	6	1	2	0	0
https://fullon-hotels.com.tw	2026-01-05T20:46:39.461Z	4	2	0	0	1
https://funbox.com.tw	2026-01-05T21:17:17.539Z	6	1	5	0	0
https://funtime.com.tw	2026-01-05T20:34:58.529Z	7	0	0	0	1
https://funtown.com.tw	2026-01-05T20:51:39.664Z	0	1	0	0	1
https://fushoushan.com.tw	2026-01-05T21:10:39.756Z	6	1	0	0	1
https://fwapply.wda.gov.tw	2026-01-05T20:20:43.659Z	2	0	0	0	1
https://fws.tw	2026-01-05T20:33:08.303Z	0	0	1	0	0
https://gainhow.tw	2026-01-05T20:17:44.580Z	4	3	0	0	1
https://gamebase.com.tw	2026-01-05T20:15:37.057Z	8	2	5	0	0
https://gamer.com.tw	2026-01-05T19:38:25.493Z	7	2	3	0	0
https://gametower.com.tw	2026-01-05T20:15:41.502Z	2	0	1	0	0
https://gamez.com.tw	2026-01-05T20:24:38.387Z	2	1	0	0	1
https://gamme.com.tw	2026-01-05T20:07:05.249Z	5	1	1	0	0
https://garena.tw	2026-01-05T19:47:33.862Z	3	1	0	2	0
https://garmin.com.tw	2026-01-05T20:12:49.505Z	6	1	7	0	0
https://gbc.tw	2026-01-05T20:58:49.574Z	1	0	0	1	0
https://gcaa.org.tw	2026-01-05T20:51:36.643Z	4	1	0	0	1
https://gcis.nat.gov.tw	2026-01-05T21:03:18.706Z	1	1	2	0	0
https://gck99.com.tw	2026-01-05T19:59:34.308Z	4	0	3	0	0
https://gemini.google.com	2026-01-05T19:40:41.846Z	4	0	0	0	1
https://get.com.tw	2026-01-05T20:35:22.683Z	5	0	0	0	1
https://gimy.com.tw	2026-01-05T19:56:37.865Z	1	0	1	2	0
https://gimy.net.tw	2026-01-05T21:03:59.821Z	1	0	1	2	0
https://gimy.tw	2026-01-05T19:57:16.608Z	2	0	2	0	0
https://gimytv.net.tw	2026-01-05T21:19:45.181Z	1	0	2	0	0
https://gimytv.tw	2026-01-05T20:50:18.710Z	1	0	3	1	0
https://github.com	2026-01-05T19:39:34.916Z	1	0	1	0	0
https://glamira.com.tw	2026-01-05T20:16:46.596Z	8	2	4	0	0
https://gltjp.com	2026-01-05T19:43:47.123Z	5	0	1	0	0
https://gmail.com	2026-01-05T19:43:22.917Z	2	0	0	0	1
https://gnn.gamer.com.tw	2026-01-05T19:57:43.693Z	8	2	1	0	0
https://gogojp.tw	2026-01-05T21:14:06.843Z	3	2	5	4	0
https://goldenhorse.org.tw	2026-01-05T20:39:43.835Z	2	0	0	0	1
https://golla.tw	2026-01-05T21:04:53.835Z	0	0	1	0	0
https://gomovies.tw	2026-01-05T20:41:10.903Z	3	0	3	0	0
https://goodinfo.tw	2026-01-05T19:56:07.270Z	0	1	0	0	1
https://goodlife.tw	2026-01-05T20:49:38.400Z	4	0	2	0	0
https://google-analytics.com	2026-01-05T19:41:26.758Z	5	0	0	0	1
https://google.com	2026-01-05T19:38:15.531Z	2	0	0	0	1
https://google.com.tw	2026-01-05T19:38:19.758Z	2	0	0	0	1
https://googlesyndication.com	2026-01-05T19:40:42.784Z	2	0	0	0	1
https://googlevideo.com	2026-01-05T19:40:23.310Z	2	0	0	0	1
https://goto307.com.tw	2026-01-05T21:07:33.691Z	5	1	1	0	0
https://gototravel.tw	2026-01-05T21:03:15.834Z	7	1	4	1	0
https://gov.tw	2026-01-05T20:04:57.512Z	3	0	3	0	0
https://gq.com.tw	2026-01-05T20:05:29.228Z	13	1	9	1	0
https://gracegift.com.tw	2026-01-05T21:09:00.115Z	9	1	3	0	0
https://great-home.com.tw	2026-01-05T21:09:14.584Z	3	5	11	0	0
https://greenbox.tw	2026-01-05T21:02:36.733Z	5	1	4	0	0
https://groupbuyforms.tw	2026-01-05T20:49:54.368Z	3	0	2	0	0
https://gvm.com.tw	2026-01-05T19:49:24.531Z	10	1	8	0	0
https://hakkanews.tw	2026-01-05T21:03:37.328Z	5	1	2	0	0
https://hamibook.com.tw	2026-01-05T21:06:14.119Z	6	1	2	0	0
https://hamipoint.cht.com.tw	2026-01-05T20:20:46.620Z	6	3	5	0	0
https://hanime1.me	2026-01-05T19:40:52.728Z	2	0	7	0	0
https://happygocard.com.tw	2026-01-05T20:37:21.845Z	7	1	1	0	0
https://harpersbazaar.com	2026-01-05T19:44:06.259Z	4	1	12	1	0
https://has.nlma.gov.tw	2026-01-05T19:59:30.465Z	1	0	0	0	1
https://hbhousing.com.tw	2026-01-05T20:31:04.620Z	6	5	9	0	0
https://hd.club.tw	2026-01-05T21:12:32.967Z	0	0	1	0	0
https://health.ltn.com.tw	2026-01-05T20:21:21.974Z	12	2	9	0	0
https://health.tvbs.com.tw	2026-01-05T19:57:25.839Z	3	0	0	0	1
https://healthnews.com.tw	2026-01-05T20:30:11.278Z	0	0	1	0	0
https://heho.com.tw	2026-01-05T20:24:07.647Z	10	2	9	0	0
https://helloyishi.com.tw	2026-01-05T19:44:46.210Z	0	0	4	0	0
https://help.shopee.tw	2026-01-05T20:59:41.128Z	6	2	0	2	0
https://hermes.com.tw	2026-01-05T20:48:45.240Z	3	1	2	0	0
https://hess.com.tw	2026-01-05T21:04:54.088Z	2	1	0	0	1
https://hfu.edu.tw	2026-01-05T20:21:46.385Z	4	0	1	0	0
https://hhh.com.tw	2026-01-05T20:47:40.957Z	6	1	6	0	0
https://hinet.net	2026-01-05T19:40:08.982Z	2	2	0	0	1
https://histock.tw	2026-01-05T19:55:42.121Z	7	1	2	0	0
https://hjwzw.com	2026-01-05T19:43:30.752Z	1	0	0	3	0
https://hle.com.tw	2026-01-05T20:14:53.001Z	2	0	0	0	1
https://hocom.tw	2026-01-05T20:32:20.650Z	1	1	0	0	1
https://home.gamer.com.tw	2026-01-05T19:57:19.055Z	8	3	1	0	0
https://homeplus.net.tw	2026-01-05T20:22:09.861Z	10	1	8	0	0
https://honda-taiwan.com.tw	2026-01-05T20:55:27.927Z	4	0	2	0	0
https://hotaigo.com.tw	2026-01-05T21:04:41.849Z	7	1	8	0	0
https://hotcool.tw	2026-01-05T20:44:33.412Z	4	0	0	1	0
https://hotel.eztravel.com.tw	2026-01-05T20:18:24.920Z	6	1	8	0	0
https://hotelscombined.com.tw	2026-01-05T20:38:18.406Z	0	0	1	0	0
https://housefeel.com.tw	2026-01-05T20:53:22.773Z	3	0	0	0	1
https://housetube.tw	2026-01-05T21:04:39.136Z	7	1	2	0	0
https://howmy.com.tw	2026-01-05T21:12:46.328Z	0	0	0	1	0
https://hteos.tmuh.org.tw	2026-01-05T23:34:31.075Z	1	0	0	0	1
https://hucc-coop.tw	2026-01-05T21:06:41.545Z	0	1	0	0	1
https://hurawatch.tw	2026-01-05T20:30:16.013Z	5	0	4	0	0
https://hyundai-motor.com.tw	2026-01-05T21:07:12.410Z	6	1	1	0	0
https://i-part.com.tw	2026-01-05T20:12:53.493Z	7	2	0	0	1
https://ibeta.tw	2026-01-05T20:38:29.645Z	1	0	1	0	0
https://iclass.ntunhs.edu.tw	2026-01-05T20:20:45.634Z	2	0	0	0	1
https://iclass.tku.edu.tw	2026-01-05T20:01:48.939Z	1	0	0	0	1
https://icloud.com	2026-01-05T19:40:32.629Z	1	0	0	0	1
https://icook.tw	2026-01-05T19:41:18.613Z	10	2	4	0	0
https://ifoodie.tw	2026-01-05T20:28:52.515Z	10	2	3	0	0
https://ikea.com.tw	2026-01-05T19:42:57.874Z	3	2	2	0	0
https://ilearn.fcu.edu.tw	2026-01-05T19:59:32.923Z	4	0	0	0	1
https://ilearn.thu.edu.tw	2026-01-05T21:04:02.774Z	4	0	0	0	1
https://ilearning.cycu.edu.tw	2026-01-05T19:59:32.812Z	3	0	0	0	1
https://ilovepdf.com	2026-01-05T19:43:04.068Z	1	0	1	0	0
https://im.tmu.edu.tw	2026-01-05T20:20:46.982Z	1	0	0	0	1
https://inline.app	2026-01-05T19:40:32.601Z	5	2	3	3	0
https://inpad.com.tw	2026-01-05T21:06:21.786Z	3	2	0	0	1
https://inside.com.tw	2026-01-05T20:23:54.111Z	6	1	10	1	0
https://instagram.com	2026-01-05T19:38:17.982Z	0	3	0	0	1
https://intel.com.tw	2026-01-05T20:28:22.628Z	2	1	1	0	0
https://intercom.io	2026-01-05T19:45:00.536Z	2	0	0	0	1
https://internet-banking.dbs.com.tw	2026-01-05T21:18:48.273Z	2	0	7	0	0
https://interview.tw	2026-01-05T20:13:24.959Z	5	0	2	0	0
https://invoice.amego.tw	2026-01-05T20:20:47.708Z	1	1	0	0	1
https://invoice.etax.nat.gov.tw	2026-01-05T20:20:48.823Z	4	0	0	0	1
https://invoices.com.tw	2026-01-05T20:22:59.192Z	3	2	1	0	0
https://iopenmall.tw	2026-01-05T19:52:40.313Z	3	1	4	0	0
https://ip-api.com	2026-01-05T19:42:56.336Z	0	0	1	3	0
https://irentcar.com.tw	2026-01-05T21:08:41.656Z	0	0	1	0	0
https://irs.zuvio.com.tw	2026-01-05T19:59:35.447Z	3	2	1	0	0
https://is.ycut.com.tw	2026-01-05T19:59:34.964Z	0	1	0	0	1
https://ispo.com.tw	2026-01-05T21:11:43.558Z	11	1	2	0	0
https://istyle.ltn.com.tw	2026-01-05T20:14:47.678Z	11	3	10	0	0
https://itaigi.tw	2026-01-05T20:37:10.867Z	2	1	2	0	0
https://ithome.com.tw	2026-01-05T19:49:50.438Z	5	2	1	0	0
https://itpison.com.tw	2026-01-05T20:35:59.698Z	6	0	1	0	0
https://ivideo.com.tw	2026-01-05T21:08:26.660Z	5	2	1	0	0
https://ivy.com.tw	2026-01-05T20:49:23.083Z	4	2	1	0	0
https://iwiki.tw	2026-01-05T20:31:25.500Z	2	0	3	0	0
https://iwplay.com.tw	2026-01-05T20:46:35.313Z	4	0	0	0	1
https://ixdzs.tw	2026-01-05T19:43:55.619Z	2	0	2	0	0
https://iyp.com.tw	2026-01-05T20:05:45.281Z	5	2	2	0	0
https://iyp.tw	2026-01-05T21:04:42.319Z	8	2	3	0	0
https://janfusun.com.tw	2026-01-05T20:51:15.629Z	5	2	0	0	1
https://japan.focustaiwan.tw	2026-01-05T21:04:05.682Z	6	1	3	0	0
https://jcic.org.tw	2026-01-05T20:47:34.976Z	2	3	0	0	1
https://jmdoor.com.tw	2026-01-05T21:13:04.439Z	0	0	1	0	0
https://job.taiwanjobs.gov.tw	2026-01-05T20:20:52.279Z	2	0	0	0	1
https://join.gov.tw	2026-01-05T20:35:22.798Z	3	0	3	0	0
https://journey.tw	2026-01-05T20:49:43.934Z	3	0	3	2	0
https://joy.com.tw	2026-01-05T20:18:13.207Z	5	1	1	0	0
https://joyparty.tw	2026-01-05T20:46:24.179Z	10	0	0	0	1
https://jpmed.com.tw	2026-01-05T21:06:55.907Z	5	1	5	0	0
https://judgment.judicial.gov.tw	2026-01-05T19:59:41.344Z	3	0	0	0	1
https://judicial.gov.tw	2026-01-05T19:49:45.083Z	5	1	0	0	1
https://jyes.com.tw	2026-01-05T19:56:05.584Z	3	2	1	0	0
https://kadokawa.com.tw	2026-01-05T20:44:01.074Z	11	1	3	0	0
https://kamalan.com.tw	2026-01-05T21:08:26.221Z	0	0	1	0	0
https://kham.com.tw	2026-01-05T20:01:44.855Z	6	2	10	0	0
https://kimbaba.com.tw	2026-01-05T21:16:46.961Z	4	0	0	0	1
https://kimiyo.tw	2026-01-05T21:13:34.208Z	1	0	1	1	0
https://kimo.com.tw	2026-01-05T20:37:45.231Z	9	0	6	0	0
https://kingnet.com.tw	2026-01-05T20:33:28.482Z	4	0	12	0	0
https://kingnetsmart.com.tw	2026-01-05T20:35:45.522Z	2	1	2	4	0
https://kingstone.com.tw	2026-01-05T20:01:55.398Z	6	1	3	0	0
https://kje-event.com.tw	2026-01-05T20:50:55.943Z	4	2	1	0	0
https://kk886.tw	2026-01-05T21:02:11.147Z	0	2	1	0	0
https://kkbox.com.tw	2026-01-05T19:56:46.779Z	10	2	7	0	0
https://kkren.com.tw	2026-01-05T21:11:39.617Z	6	2	5	1	0
https://kmweb.moa.gov.tw	2026-01-05T20:17:53.678Z	3	1	0	0	1
https://knews.com.tw	2026-01-05T20:42:59.942Z	7	1	2	0	0
https://knsh.com.tw	2026-01-05T20:11:34.618Z	4	0	2	0	0
https://koc.com.tw	2026-01-05T20:08:52.635Z	7	2	11	0	0
https://kocpc.com.tw	2026-01-05T20:54:58.289Z	7	2	11	0	0
https://kuioo.tw	2026-01-05T19:57:04.692Z	4	0	2	0	0
https://kukan.tw	2026-01-05T21:07:15.206Z	2	2	0	0	1
https://kurasushi.tw	2026-01-05T21:08:30.673Z	0	0	2	0	0
https://kymco.com.tw	2026-01-05T20:54:53.607Z	7	2	0	0	1
https://lac.com.tw	2026-01-05T20:35:15.741Z	5	1	6	0	0
https://lairich.com.tw	2026-01-05T21:18:21.601Z	0	0	1	0	0
https://land.591.com.tw	2026-01-05T21:18:17.686Z	2	0	0	0	1
https://landtop.com.tw	2026-01-05T20:15:21.512Z	8	2	9	0	0
https://lativ.com.tw	2026-01-05T20:09:45.081Z	4	1	3	0	0
https://law.moj.gov.tw	2026-01-05T19:57:28.492Z	3	0	0	0	1
https://lawdata.com.tw	2026-01-05T20:39:39.431Z	3	0	0	0	1
https://laws.mol.gov.tw	2026-01-05T21:12:09.331Z	2	0	1	0	0
https://lawshare.tw	2026-01-05T20:11:09.591Z	3	0	1	0	0
https://lccnet.com.tw	2026-01-05T21:03:23.356Z	4	1	7	0	0
https://leaderkid.com.tw	2026-01-05T21:07:01.324Z	4	1	3	0	0
https://lencr.org	2026-01-05T19:44:22.623Z	0	0	2	0	0
https://leofoovillage.com.tw	2026-01-05T21:02:28.053Z	4	2	2	0	0
https://letao.com.tw	2026-01-05T19:53:07.917Z	6	1	4	1	0
https://letsplay.tw	2026-01-05T21:08:02.848Z	8	1	2	0	0
https://lexus.com.tw	2026-01-05T21:06:36.038Z	6	1	4	0	0
https://lia-roc.org.tw	2026-01-05T20:54:02.587Z	7	0	2	0	0
https://lib.tnml.tn.edu.tw	2026-01-05T20:20:56.811Z	3	3	0	0	1
https://libertytimes.com.tw	2026-01-05T20:39:23.865Z	11	3	10	0	0
https://life.tw	2026-01-05T20:39:37.039Z	3	0	2	0	0
https://likr.com.tw	2026-01-05T19:48:02.033Z	5	2	13	0	0
https://lillian.tw	2026-01-05T21:17:04.423Z	4	1	4	1	0
https://lin-arch.com.tw	2026-01-05T20:55:34.914Z	1	0	1	0	0
https://line.me	2026-01-05T19:38:49.040Z	2	0	1	0	0
https://lineage182.tw	2026-01-05T20:35:10.870Z	2	0	2	0	0
https://linetv.tw	2026-01-05T19:55:59.922Z	15	1	2	0	0
https://linovelib.com	2026-01-05T19:41:24.498Z	0	0	1	0	0
https://lit.edu.tw	2026-01-05T20:47:42.163Z	2	1	0	0	1
https://live.com	2026-01-05T19:39:06.218Z	1	0	0	0	1
https://live.shopee.tw	2026-01-05T20:35:42.159Z	1	1	0	0	1
https://livenation.com.tw	2026-01-05T21:08:52.763Z	2	0	6	0	0
https://liver.org.tw	2026-01-05T20:59:49.948Z	2	0	2	0	0
https://lms2020.nchu.edu.tw	2026-01-05T19:59:36.806Z	1	0	0	0	1
https://logitech.tw	2026-01-05T20:58:20.751Z	9	1	16	0	0
https://lohasnet.tw	2026-01-05T20:58:15.941Z	3	2	5	0	0
https://lotto.arclink.com.tw	2026-01-05T22:25:55.307Z	2	0	0	1	0
https://lotto.auzo.tw	2026-01-05T19:58:10.368Z	2	0	4	0	0
https://lshosp.com.tw	2026-01-05T21:14:41.408Z	0	1	0	0	1
https://ltcare.cip.gov.tw	2026-01-05T20:20:52.199Z	1	0	0	0	1
https://ltcs.esis.com.tw	2026-01-05T20:01:50.808Z	1	0	0	0	1
https://ltn.com.tw	2026-01-05T19:38:35.073Z	11	3	11	0	0
https://ludens.com.tw	2026-01-05T21:11:14.068Z	0	0	1	0	0
https://lunio.com.tw	2026-01-05T20:49:21.096Z	0	0	1	0	0
https://m.591.com.tw	2026-01-05T19:59:14.345Z	10	6	0	0	1
https://m.8591.com.tw	2026-01-05T20:20:52.419Z	5	2	0	0	1
https://m.8891.com.tw	2026-01-05T20:20:55.248Z	15	1	1	0	0
https://m.biquge.tw	2026-01-05T19:45:47.848Z	1	0	1	0	0
https://m.cosme.net.tw	2026-01-05T20:58:34.913Z	5	1	9	0	0
https://m.eprice.com.tw	2026-01-05T20:18:27.627Z	5	1	1	0	0
https://m.etmall.com.tw	2026-01-05T19:59:40.203Z	6	4	1	0	0
https://m.gamer.com.tw	2026-01-05T19:45:09.331Z	6	2	3	0	0
https://m.myacg.com.tw	2026-01-05T19:59:40.711Z	2	3	0	0	1
https://m.ruten.com.tw	2026-01-05T22:43:45.989Z	4	1	8	0	0
https://m.twxs.com.tw	2026-01-05T19:59:40.808Z	1	0	2	0	0
https://m.xsw.tw	2026-01-05T19:45:46.234Z	1	2	0	0	1
https://magent.fubonlife.com.tw	2026-01-05T20:20:55.073Z	0	1	0	0	1
https://mail2000.com.tw	2026-01-05T20:48:34.554Z	0	1	0	0	1
https://mailcloud.com.tw	2026-01-05T20:15:53.115Z	3	1	1	0	0
https://mall.iopenmall.tw	2026-01-05T19:57:12.430Z	3	1	4	0	0
https://mall.shopee.tw	2026-01-05T21:06:43.652Z	3	1	0	1	0
https://mamibuy.com.tw	2026-01-05T20:32:30.521Z	6	1	3	0	0
https://mamilove.com.tw	2026-01-05T20:32:25.780Z	4	0	6	0	0
https://managertoday.com.tw	2026-01-05T20:07:36.384Z	10	2	15	0	0
https://manufacturers.com.tw	2026-01-05T20:33:16.820Z	1	0	5	0	0
https://maps.nlsc.gov.tw	2026-01-05T21:19:40.244Z	1	0	0	0	1
https://marieclaire.com.tw	2026-01-05T19:52:25.972Z	4	0	4	0	0
https://market.591.com.tw	2026-01-05T19:58:44.302Z	7	1	0	0	1
https://matsu.idv.tw	2026-01-05T20:17:17.037Z	7	0	2	0	0
https://mcdonalds.com	2026-01-05T19:43:23.105Z	5	4	1	0	0
https://mdcel.fda.gov.tw	2026-01-05T20:47:45.957Z	1	0	1	0	0
https://meditherapy.tw	2026-01-05T21:14:01.748Z	9	1	4	0	0
https://meee.com.tw	2026-01-05T20:07:22.892Z	7	0	21	0	0
https://member.cht.com.tw	2026-01-05T20:18:51.415Z	4	2	3	0	0
https://member.eztravel.com.tw	2026-01-05T21:18:10.921Z	8	1	6	0	0
https://merit-times.com.tw	2026-01-05T20:33:54.520Z	2	2	1	0	0
https://mfme.map.com.tw	2026-01-05T20:20:57.228Z	1	0	0	0	1
https://microsoft.com	2026-01-05T19:38:37.972Z	3	1	3	0	0
https://mimigo.tw	2026-01-05T20:48:32.252Z	1	0	1	2	0
https://mirrormedia.mg	2026-01-05T19:39:49.901Z	9	1	7	2	0
https://mitake.com.tw	2026-01-05T20:05:06.816Z	3	3	0	0	1
https://mitsui-shopping-park.com.tw	2026-01-05T20:47:29.220Z	4	0	1	0	0
https://mlc.edu.tw	2026-01-05T22:27:29.814Z	1	1	0	0	1
https://mnews.tw	2026-01-05T20:35:48.853Z	7	0	8	0	0
https://moba.garena.tw	2026-01-05T21:11:02.359Z	7	1	0	3	0
https://moda.gov.tw	2026-01-05T20:25:31.209Z	2	0	1	0	0
https://moedict.tw	2026-01-05T20:30:08.921Z	3	1	2	0	0
https://moegirl.tw	2026-01-05T20:43:40.366Z	0	0	1	2	0
https://mofang.com.tw	2026-01-05T19:52:45.116Z	6	1	6	0	0
https://mohw.gov.tw	2026-01-05T19:41:09.928Z	4	0	0	0	1
https://mombaby.com.tw	2026-01-05T20:40:57.648Z	8	3	19	0	0
https://momo.com.tw	2026-01-05T20:05:31.088Z	13	7	4	0	0
https://momondo.tw	2026-01-05T21:06:51.889Z	0	0	1	0	0
https://money101.com.tw	2026-01-05T19:44:40.297Z	7	1	13	0	0
https://moneydj.com	2026-01-05T19:43:52.631Z	8	2	0	0	1
https://monster-strike.com.tw	2026-01-05T20:11:23.756Z	5	1	0	0	1
https://moodle.ncku.edu.tw	2026-01-05T19:59:43.403Z	2	0	0	0	1
https://moodle.ncnu.edu.tw	2026-01-05T21:04:05.589Z	1	0	1	0	0
https://moodle2.ntust.edu.tw	2026-01-05T20:20:59.850Z	2	0	1	0	0
https://moodle3.ntnu.edu.tw	2026-01-05T20:20:59.713Z	3	0	0	0	1
https://moodle45.nccu.edu.tw	2026-01-05T21:04:08.552Z	1	0	1	1	0
https://mook.com.tw	2026-01-05T20:50:10.316Z	4	0	0	0	1
https://more-news.tw	2026-01-05T20:55:57.991Z	2	1	0	0	1
https://motobuy.com.tw	2026-01-05T20:50:45.435Z	1	2	0	0	1
https://movieffm.net	2026-01-05T19:41:14.369Z	1	0	1	0	0
https://mrmad.com.tw	2026-01-05T20:09:18.851Z	2	0	1	0	0
https://msn.com	2026-01-05T19:38:50.791Z	1	1	0	0	1
https://mtaxi.com.tw	2026-01-05T21:06:09.681Z	5	0	0	1	0
https://mweb.com.tw	2026-01-05T20:58:01.042Z	2	0	1	0	0
https://my83.com.tw	2026-01-05T21:05:48.902Z	5	3	3	0	0
https://myaccount.books.com.tw	2026-01-05T20:21:00.588Z	8	1	0	0	1
https://myacg.com.tw	2026-01-05T19:55:46.175Z	2	4	0	0	1
https://myav.com.tw	2026-01-05T20:49:51.924Z	0	1	0	0	1
https://myday.com.tw	2026-01-05T20:01:38.254Z	1	0	2	0	0
https://myfone.com.tw	2026-01-05T19:55:37.599Z	7	1	3	1	0
https://mypaper.m.pchome.com.tw	2026-01-05T21:09:10.341Z	5	0	3	0	0
https://mypaper.pchome.com.tw	2026-01-05T20:47:25.746Z	5	1	3	0	0
https://myship.7-11.com.tw	2026-01-05T19:45:44.236Z	1	1	0	0	1
https://myvideo.net.tw	2026-01-05T19:52:54.519Z	11	1	1	0	0
https://mzstatic.com	2026-01-05T19:44:27.056Z	1	0	0	1	0
https://nabi.104.com.tw	2026-01-05T21:12:07.586Z	6	3	0	0	1
https://nanshanlife.com.tw	2026-01-05T20:14:50.008Z	0	2	0	0	1
https://nash.tw	2026-01-05T20:01:44.628Z	5	1	4	0	0
https://ncc.com.tw	2026-01-05T20:46:33.853Z	0	2	0	1	0
https://ncse.tw	2026-01-05T21:07:21.048Z	3	1	3	1	0
https://ncu.edu.tw	2026-01-05T19:45:19.871Z	0	1	0	0	1
https://ncueeclass.ncu.edu.tw	2026-01-05T19:59:42.725Z	3	1	0	0	1
https://ndltd.ncl.edu.tw	2026-01-05T22:25:56.247Z	1	0	0	0	1
https://nellydyu.tw	2026-01-05T21:08:19.517Z	7	2	8	3	0
https://net-chinese.com.tw	2026-01-05T19:47:36.449Z	7	0	0	0	1
https://netflix.com	2026-01-05T19:38:23.189Z	1	1	2	3	0
https://newhouse.591.com.tw	2026-01-05T20:17:56.338Z	2	0	0	0	1
https://news.cts.com.tw	2026-01-05T21:11:07.132Z	12	1	9	0	0
https://news.ebc.net.tw	2026-01-05T19:56:15.727Z	13	3	17	0	0
https://news.gamme.com.tw	2026-01-05T20:17:59.526Z	4	0	1	0	0
https://news.housefun.com.tw	2026-01-05T21:12:36.737Z	8	2	1	0	0
https://news.ltn.com.tw	2026-01-05T22:18:44.176Z	12	3	15	1	0
https://news.pts.org.tw	2026-01-05T20:01:44.235Z	1	0	0	0	1
https://news.ttv.com.tw	2026-01-05T19:58:55.581Z	12	1	20	0	0
https://news.tvbs.com.tw	2026-01-05T19:41:06.400Z	11	1	3	0	0
https://news.u-car.com.tw	2026-01-05T20:58:42.602Z	9	1	7	0	0
https://news.yahoo.com	2026-01-05T19:41:45.838Z	13	0	5	1	0
https://newsmarket.com.tw	2026-01-05T20:35:31.687Z	2	0	2	0	0
https://newtalk.tw	2026-01-05T19:50:40.165Z	5	0	5	0	0
https://newton.com.tw	2026-01-05T20:03:11.265Z	2	0	1	0	0
https://neww.tw	2026-01-05T20:33:21.723Z	2	1	2	0	0
https://nextapple.com	2026-01-05T19:43:44.589Z	7	1	2	0	0
https://nextapple.tw	2026-01-05T20:27:12.903Z	0	2	0	0	1
https://nextbank.com.tw	2026-01-05T20:51:39.487Z	3	4	0	0	1
https://nfu.edu.tw	2026-01-05T20:08:27.038Z	3	0	3	0	0
https://nicee.tw	2026-01-05T21:10:52.058Z	1	1	2	1	0
https://nicklee.tw	2026-01-05T21:06:29.766Z	3	1	2	2	0
https://nikke.hotcool.tw	2026-01-05T21:04:35.348Z	3	1	3	0	0
https://nintendo.tw	2026-01-05T21:17:29.022Z	4	0	1	0	0
https://nkust.edu.tw	2026-01-05T20:11:21.483Z	4	2	0	0	1
https://nmns.edu.tw	2026-01-05T20:25:52.731Z	1	0	0	0	1
https://novel543.com	2026-01-05T19:43:08.642Z	0	0	3	0	0
https://novelstar.com.tw	2026-01-05T20:32:48.005Z	2	1	0	0	1
https://nownews.com	2026-01-05T19:40:00.995Z	8	1	7	0	0
https://nstock.tw	2026-01-05T21:08:22.887Z	10	1	2	0	0
https://ntdtv.com.tw	2026-01-05T20:36:18.065Z	3	0	1	0	0
https://ntp.org	2026-01-05T19:40:21.316Z	5	0	0	2	0
https://ntut.edu.tw	2026-01-05T20:05:02.158Z	2	0	0	0	1
https://nurse.org.tw	2026-01-05T20:57:38.860Z	1	2	0	0	1
https://nuu.edu.tw	2026-01-05T20:15:46.092Z	1	0	0	0	1
https://ocu.edu.tw	2026-01-05T22:31:54.400Z	1	0	0	0	1
https://office.com	2026-01-05T19:40:39.736Z	3	0	4	0	0
https://oghome.com.tw	2026-01-05T21:08:17.915Z	4	1	1	0	0
https://oidc.tanet.edu.tw	2026-01-05T20:21:03.617Z	1	0	1	0	0
https://ojt.wda.gov.tw	2026-01-05T21:04:12.105Z	2	0	0	0	1
https://okav.com.tw	2026-01-05T21:11:03.491Z	0	1	1	3	0
https://okgo.tw	2026-01-05T20:33:15.427Z	3	4	0	0	1
https://omgrmn.tw	2026-01-05T20:31:28.708Z	1	0	1	0	0
https://omron.com.tw	2026-01-05T21:06:05.475Z	1	0	0	0	1
https://onead.com.tw	2026-01-05T20:33:06.101Z	3	4	1	0	0
https://onebid.tw	2026-01-05T20:54:40.146Z	2	1	3	0	0
https://oneboy.com.tw	2026-01-05T19:57:08.864Z	11	4	13	0	0
https://oneclass.com.tw	2026-01-05T20:41:33.999Z	1	1	1	0	0
https://onemoreplace.tw	2026-01-05T19:57:54.722Z	1	0	1	1	0
https://onion-net.com.tw	2026-01-05T21:11:45.798Z	3	0	1	0	0
https://onl.tw	2026-01-05T20:50:11.633Z	3	0	0	1	0
https://online.carrefour.com.tw	2026-01-05T19:58:33.804Z	7	1	13	1	0
https://online.senao.com.tw	2026-01-05T21:15:25.676Z	9	1	6	0	0
https://openbook.org.tw	2026-01-05T21:17:24.546Z	3	0	3	0	0
https://openmuseum.tw	2026-01-05T20:44:36.916Z	3	0	1	0	0
https://optionshare.tw	2026-01-05T20:05:11.196Z	2	0	0	0	1
https://oxxostudio.tw	2026-01-05T20:57:19.239Z	2	0	1	0	0
https://pairs.tw	2026-01-05T20:24:03.948Z	5	2	3	0	0
https://parenting.com.tw	2026-01-05T19:43:16.950Z	0	0	1	0	0
https://partying.tw	2026-01-05T20:52:35.620Z	0	0	2	0	0
https://pathofexile.tw	2026-01-05T20:01:36.931Z	1	2	0	0	1
https://paulaschoice.com.tw	2026-01-05T21:11:33.823Z	12	3	4	0	0
https://payeasy.com.tw	2026-01-05T20:15:09.482Z	4	1	5	0	0
https://paytax.nat.gov.tw	2026-01-05T20:23:00.125Z	0	1	0	0	1
https://pazzo.com.tw	2026-01-05T20:17:39.230Z	7	1	9	0	0
https://pcdvd.com.tw	2026-01-05T20:33:11.437Z	0	0	1	0	0
https://pchome.com.tw	2026-01-05T19:38:33.441Z	7	0	15	0	0
https://pchome.megatime.com.tw	2026-01-05T20:01:39.490Z	5	0	9	0	0
https://pcone.com.tw	2026-01-05T20:16:52.480Z	1	0	3	1	0
https://pda.104.com.tw	2026-01-05T19:58:59.624Z	6	1	1	0	0
https://pedia.cloud.edu.tw	2026-01-05T21:09:05.163Z	5	0	2	0	0
https://peoplenews.tw	2026-01-05T20:37:55.072Z	3	0	1	0	0
https://pgo.com.tw	2026-01-05T21:06:35.115Z	2	0	0	0	1
https://pil.tw	2026-01-05T20:50:06.454Z	6	2	2	0	0
https://pili.com.tw	2026-01-05T20:46:12.103Z	3	0	2	0	0
https://piliapp.com	2026-01-05T19:45:01.373Z	2	0	3	0	0
https://pilio.idv.tw	2026-01-05T19:43:01.831Z	4	0	11	0	0
https://pinterest.com	2026-01-05T19:44:36.473Z	1	0	0	0	1
https://pinterest.tw	2026-01-05T21:06:35.971Z	2	0	0	0	1
https://pixnet.net	2026-01-05T19:38:43.551Z	4	0	5	0	0
https://pizzahut.com.tw	2026-01-05T20:14:26.817Z	5	2	1	0	0
https://pki.goog	2026-01-05T19:43:46.869Z	4	0	1	0	0
https://planet.com.tw	2026-01-05T20:21:54.607Z	3	2	0	0	1
https://players.tw	2026-01-05T21:07:34.765Z	1	1	1	0	0
https://playing.ltn.com.tw	2026-01-05T21:04:14.174Z	10	4	10	0	0
https://playnba.tw	2026-01-05T21:12:18.575Z	1	1	2	0	0
https://pms.shalom.com.tw	2026-01-05T19:59:44.119Z	6	0	0	0	1
https://pni.tw	2026-01-05T20:39:38.381Z	1	0	2	0	0
https://poe2db.tw	2026-01-05T19:49:38.289Z	2	0	3	0	0
https://poedb.tw	2026-01-05T19:45:28.424Z	2	0	3	0	0
https://polaris.net.tw	2026-01-05T21:17:57.569Z	8	2	1	0	0
https://popdaily.com.tw	2026-01-05T20:05:45.646Z	10	1	21	0	0
https://popo.tw	2026-01-05T20:01:31.244Z	2	0	0	0	1
https://pornhoarder.tw	2026-01-05T20:07:21.913Z	0	0	1	0	0
https://pornhub.com	2026-01-05T19:39:01.108Z	2	0	2	4	0
https://portal.sw.nat.gov.tw	2026-01-05T21:04:44.626Z	2	0	0	0	1
https://pro.104.com.tw	2026-01-05T21:07:51.375Z	4	0	1	0	0
https://pro360.com.tw	2026-01-05T20:08:00.374Z	11	1	13	0	0
https://prolific.com.tw	2026-01-05T20:38:04.397Z	2	0	0	0	1
https://pttweb.cc	2026-01-05T19:41:35.302Z	3	0	1	0	0
https://public.com.tw	2026-01-05T20:55:12.577Z	7	1	2	0	0
https://pubu.com.tw	2026-01-05T20:35:48.138Z	12	1	10	0	0
https://pumo.com.tw	2026-01-05T19:47:17.505Z	5	0	0	0	1
https://qdm.tw	2026-01-05T21:06:20.822Z	3	0	4	0	0
https://qq.com	2026-01-05T19:40:19.606Z	3	5	10	6	0
https://quickclick.cc	2026-01-05T19:44:57.840Z	7	1	0	2	0
https://rakuten.com.tw	2026-01-05T19:51:20.871Z	10	1	2	3	0
https://rakuya.com.tw	2026-01-05T19:50:46.622Z	14	1	2	0	0
https://ralphlauren.com.tw	2026-01-05T20:51:54.200Z	1	0	2	0	0
https://rarbg.tw	2026-01-05T20:50:50.661Z	0	0	2	0	0
https://rate.bot.com.tw	2026-01-05T19:57:30.299Z	1	0	0	0	1
https://read.popo.tw	2026-01-05T21:19:46.240Z	5	1	0	2	0
https://read.tc.edu.tw	2026-01-05T19:59:44.518Z	1	0	0	0	1
https://read.tn.edu.tw	2026-01-05T20:21:02.833Z	4	1	0	0	1
https://ready-market.com.tw	2026-01-05T20:31:08.373Z	1	0	2	0	0
https://recruit.1111.com.tw	2026-01-05T20:01:16.808Z	2	0	0	0	1
https://redino.tw	2026-01-05T21:05:49.169Z	9	1	4	0	0
https://reg.ntuh.gov.tw	2026-01-05T19:58:19.856Z	1	0	0	0	1
https://register.cgmh.org.tw	2026-01-05T20:01:16.802Z	4	0	1	0	0
https://renet.tw	2026-01-05T20:54:36.519Z	1	0	1	0	0
https://renpu.com.tw	2026-01-05T20:21:03.818Z	6	1	0	0	1
https://rent.591.com.tw	2026-01-05T19:52:44.359Z	5	0	0	0	1
https://reurl.cc	2026-01-05T19:41:26.862Z	11	2	6	1	0
https://rewards.hamimall.com.tw	2026-01-05T20:21:05.657Z	2	4	0	0	1
https://rg168.tw	2026-01-05T20:50:30.131Z	2	1	3	0	0
https://rhinoshield.tw	2026-01-05T20:39:47.279Z	2	0	1	0	0
https://richart.tw	2026-01-05T20:31:49.218Z	7	4	3	0	0
https://roomie.tw	2026-01-05T20:47:39.440Z	5	1	6	0	0
https://rti.org.tw	2026-01-05T19:52:56.882Z	5	0	1	0	0
https://s.shopee.tw	2026-01-05T19:57:22.607Z	1	0	0	0	1
https://s18.buyplus1.com.tw	2026-01-05T20:01:16.804Z	4	1	3	0	0
https://s3.com.tw	2026-01-05T22:57:24.895Z	9	2	6	2	0
https://s9.buyplus1.com.tw	2026-01-05T20:23:03.740Z	4	1	3	0	0
https://salary.tw	2026-01-05T20:58:11.092Z	3	0	2	0	0
https://samsonite.com.tw	2026-01-05T20:51:34.180Z	3	0	3	0	0
https://sanmin.com.tw	2026-01-05T20:01:33.451Z	6	0	3	0	0
https://savecom.net.tw	2026-01-05T20:06:33.644Z	0	1	0	0	1
https://scholar.google.com.tw	2026-01-05T20:17:24.524Z	2	0	0	0	1
https://school.tc.edu.tw	2026-01-05T20:21:05.556Z	1	0	0	0	1
https://sci-hub.tw	2026-01-05T20:22:37.667Z	0	0	1	0	0
https://sdtv.net.tw	2026-01-05T20:58:02.965Z	1	0	0	0	1
https://sentry.io	2026-01-05T19:41:31.591Z	2	0	2	0	0
https://service.taipower.com.tw	2026-01-05T20:18:25.338Z	0	1	0	0	1
https://setn.com	2026-01-05T19:39:08.214Z	13	1	13	0	0
https://settour.com.tw	2026-01-05T20:06:49.137Z	8	3	4	0	0
https://sg588.tw	2026-01-05T20:26:36.398Z	0	0	0	1	0
https://sharing.com.tw	2026-01-05T21:17:06.973Z	1	1	0	0	1
https://shein.tw	2026-01-05T20:05:52.447Z	0	9	0	0	1
https://shop.cosmed.com.tw	2026-01-05T20:18:42.738Z	14	1	3	0	0
https://shop.muji.tw	2026-01-05T20:21:11.152Z	9	3	3	0	0
https://shop.vitabox.com.tw	2026-01-05T20:21:10.018Z	14	4	6	0	0
https://shopback.com.tw	2026-01-05T20:22:12.827Z	5	1	3	0	0
https://shopee.tw	2026-01-05T19:38:21.650Z	3	2	0	0	1
https://shopeemobile.com	2026-01-05T19:44:09.868Z	3	2	0	2	0
https://shoppingdesign.com.tw	2026-01-05T20:38:22.108Z	6	1	6	0	0
https://shopstore.tw	2026-01-05T20:49:51.592Z	5	1	3	0	0
https://shu.edu.tw	2026-01-05T20:06:10.448Z	6	1	1	0	0
https://sialiagames.com.tw	2026-01-05T19:56:09.721Z	1	2	0	0	1
https://sigure.tw	2026-01-05T20:54:50.923Z	2	1	0	0	1
https://sinyi.com.tw	2026-01-05T20:07:01.174Z	2	2	1	0	0
https://sju.edu.tw	2026-01-05T20:28:26.985Z	1	0	0	0	1
https://skype.com	2026-01-05T19:41:07.166Z	1	0	2	0	0
https://skyscanner.com.tw	2026-01-05T19:52:54.373Z	1	0	0	0	1
https://sltung.com.tw	2026-01-05T20:44:44.248Z	3	1	0	0	1
https://smelearning.org.tw	2026-01-05T21:06:00.715Z	5	1	3	0	0
https://soeasyedu.com.tw	2026-01-05T21:19:25.907Z	8	2	5	0	0
https://softking.com.tw	2026-01-05T21:07:38.744Z	8	0	2	1	0
https://sog.tw	2026-01-05T21:08:39.932Z	2	0	3	0	0
https://solidworks.org.tw	2026-01-05T20:30:36.675Z	0	2	0	0	1
https://song.corp.com.tw	2026-01-05T19:45:51.420Z	5	1	0	0	1
https://songxingflower.tw	2026-01-05T20:32:03.756Z	1	0	1	1	0
https://sovio.com.tw	2026-01-05T21:18:14.174Z	1	0	3	0	0
https://specialized.com.tw	2026-01-05T21:13:20.480Z	3	1	7	0	0
https://spil.com.tw	2026-01-05T20:37:29.333Z	1	0	1	0	0
https://sports.ltn.com.tw	2026-01-05T19:45:38.532Z	11	3	13	0	0
https://sportsnet.org.tw	2026-01-05T21:06:24.114Z	2	0	1	0	0
https://spotify.com	2026-01-05T19:40:56.423Z	3	1	4	0	0
https://spx.tw	2026-01-05T21:05:21.320Z	3	0	0	1	0
https://ss.net.tw	2026-01-05T21:05:32.780Z	1	0	5	0	0
https://sslserver.twca.com.tw	2026-01-05T20:57:58.649Z	1	0	0	0	1
https://star.ebc.net.tw	2026-01-05T21:15:30.542Z	12	2	1	0	0
https://steampowered.com	2026-01-05T19:43:38.141Z	1	0	3	0	0
https://stockfeel.com.tw	2026-01-05T20:31:53.026Z	5	1	5	1	0
https://store.sony.com.tw	2026-01-05T20:23:03.206Z	7	0	2	0	0
https://storm.mg	2026-01-05T19:38:54.265Z	13	2	16	0	0
https://storystudio.tw	2026-01-05T21:10:41.068Z	4	0	2	1	0
https://styledesign.com.tw	2026-01-05T21:12:26.913Z	1	0	2	1	0
https://sundaytour.com.tw	2026-01-05T20:46:05.995Z	8	1	3	0	0
https://supertaste.tvbs.com.tw	2026-01-05T19:58:04.157Z	9	1	17	0	0
https://sutian.moe.edu.tw	2026-01-05T20:01:52.498Z	3	0	1	0	0
https://syq.tw	2026-01-05T20:41:02.410Z	0	0	2	0	0
https://taaze.tw	2026-01-05T19:52:13.531Z	5	6	7	1	0
https://tabf.org.tw	2026-01-05T20:37:41.725Z	0	1	0	0	1
https://taicca.tw	2026-01-05T21:10:57.332Z	2	0	1	0	0
https://taieol.tw	2026-01-05T20:48:00.784Z	3	0	1	0	0
https://taishinbank.com.tw	2026-01-05T19:40:03.997Z	3	1	0	0	1
https://taiwan.530520.com.tw	2026-01-05T20:21:09.459Z	0	0	1	0	0
https://taiwan.net.tw	2026-01-05T19:49:27.613Z	4	0	1	0	0
https://taiwanbus.tw	2026-01-05T20:09:42.523Z	4	0	1	0	0
https://taiwanmobile.com	2026-01-05T19:43:43.931Z	13	2	2	0	0
https://taiwannews.com.tw	2026-01-05T19:46:02.454Z	1	0	2	0	0
https://talk.ltn.com.tw	2026-01-05T20:18:48.564Z	10	4	10	0	0
https://talk.tw	2026-01-05T20:47:45.794Z	1	0	1	0	0
https://tamedia.com.tw	2026-01-05T20:13:03.812Z	1	0	0	0	1
https://taobao.com	2026-01-05T19:39:20.048Z	1	9	1	5	0
https://tas.edu.tw	2026-01-05T20:54:19.744Z	4	2	4	0	0
https://tasker.com.tw	2026-01-05T20:47:49.078Z	7	2	1	0	0
https://tasty.com.tw	2026-01-05T21:13:13.506Z	1	0	1	0	0
https://tax.nat.gov.tw	2026-01-05T21:08:43.116Z	2	0	0	0	1
https://tc.edu.tw	2026-01-05T19:47:14.882Z	2	0	0	0	1
https://tcm.tw	2026-01-05T20:37:33.432Z	0	1	0	0	1
https://tcmb.culture.tw	2026-01-05T23:39:34.531Z	6	0	2	0	0
https://tcte.edu.tw	2026-01-05T20:38:27.514Z	2	0	0	0	1
https://teasg.tw	2026-01-05T20:51:27.073Z	1	0	2	0	0
https://techadmi.edu.tw	2026-01-05T21:06:29.037Z	2	0	3	0	0
https://technews.tw	2026-01-05T19:49:00.614Z	6	1	1	0	0
https://technice.com.tw	2026-01-05T20:33:59.958Z	8	1	2	0	0
https://tecom.com.tw	2026-01-05T20:45:58.751Z	4	1	0	0	1
https://teldap.tw	2026-01-05T21:08:42.565Z	5	0	0	0	1
https://telegram.org	2026-01-05T19:44:50.994Z	0	0	0	1	0
https://tellows.tw	2026-01-05T21:15:54.737Z	1	0	2	0	0
https://tencent.com	2026-01-05T19:44:53.112Z	1	1	1	2	0
https://tenjo.tw	2026-01-05T20:57:56.748Z	5	1	2	0	0
https://tenlong.com.tw	2026-01-05T20:35:02.293Z	7	1	0	0	1
https://tenorshare.tw	2026-01-05T20:51:55.198Z	4	0	8	0	0
https://terasic.com.tw	2026-01-05T20:49:48.332Z	0	1	0	0	1
https://testcloud.joy.com.tw	2026-01-05T20:21:11.625Z	3	0	2	0	0
https://tfc-taiwan.org.tw	2026-01-05T20:32:45.391Z	3	0	3	0	0
https://tgo.thsrc.com.tw	2026-01-05T20:21:12.302Z	5	0	0	0	1
https://thermaltake.com.tw	2026-01-05T20:26:42.879Z	4	0	2	0	0
https://thisiscm.com	2026-01-05T19:42:41.029Z	3	0	1	0	0
https://threads.com	2026-01-05T19:38:30.986Z	0	3	0	0	1
https://tianmu.org.tw	2026-01-05T20:45:04.199Z	3	1	1	0	0
https://ticket.com.tw	2026-01-05T20:47:16.877Z	6	1	4	0	0
https://ticketplus.com.tw	2026-01-05T20:15:55.992Z	4	0	1	0	0
https://tier.org.tw	2026-01-05T20:31:13.920Z	9	0	0	1	0
https://tiktok.com	2026-01-05T19:40:04.450Z	4	4	2	0	0
https://timberland.com.tw	2026-01-05T20:49:55.110Z	2	0	0	0	1
https://tip.railway.gov.tw	2026-01-05T20:14:47.438Z	1	2	0	0	1
https://tisnet.net.tw	2026-01-05T19:45:19.913Z	6	1	1	0	0
https://tks.tw	2026-01-05T21:08:11.854Z	3	0	2	0	0
https://tock.stdtime.gov.tw	2026-01-05T20:54:32.311Z	0	1	0	0	1
https://toeic.com.tw	2026-01-05T20:50:25.888Z	6	0	1	0	0
https://topigeon.com.tw	2026-01-05T20:01:19.291Z	4	0	0	0	1
https://tortuga.tw	2026-01-05T20:05:44.761Z	1	0	0	0	1
https://totalbb.net.tw	2026-01-05T20:03:04.619Z	0	0	1	0	0
https://tour.ibon.com.tw	2026-01-05T21:04:19.801Z	8	0	8	0	0
https://tour.settour.com.tw	2026-01-05T20:21:15.034Z	9	2	4	0	0
https://toyota.com.tw	2026-01-05T20:15:05.330Z	7	1	2	0	0
https://toysrus.com.tw	2026-01-05T20:50:55.921Z	4	1	3	0	0
https://tracking.shopee.tw	2026-01-05T20:48:59.322Z	3	1	0	1	0
https://translate.google.com.tw	2026-01-05T19:53:16.548Z	6	0	0	0	1
https://travel.com.tw	2026-01-05T20:23:11.216Z	7	1	3	0	0
https://travel4u.com.tw	2026-01-05T20:11:53.455Z	8	2	4	0	0
https://trip.com	2026-01-05T19:43:19.252Z	6	8	0	0	1
https://ts-gold.com.tw	2026-01-05T21:04:23.744Z	4	1	1	0	0
https://ttct.edu.tw	2026-01-05T20:05:39.433Z	3	1	1	0	0
https://ttshow.tw	2026-01-05T21:12:25.747Z	8	1	16	1	0
https://ttu.edu.tw	2026-01-05T20:01:24.696Z	1	0	0	0	1
https://ttv.com.tw	2026-01-05T19:50:48.739Z	3	1	1	0	0
https://ttvc.com.tw	2026-01-05T20:45:49.878Z	8	2	11	1	0
https://tubefan.com.tw	2026-01-05T20:35:52.835Z	0	0	1	0	0
https://tvbs.com.tw	2026-01-05T19:38:37.907Z	9	0	2	0	0
https://tw66.com.tw	2026-01-05T20:45:59.267Z	4	0	3	0	0
https://twac.immigration.gov.tw	2026-01-05T20:17:46.696Z	1	0	0	0	1
https://twca.com.tw	2026-01-05T19:48:53.512Z	3	1	3	0	0
https://twhealth.org.tw	2026-01-05T21:06:14.952Z	2	0	2	0	0
https://twhg.com.tw	2026-01-05T23:23:39.211Z	1	0	3	0	0
https://twinc.com.tw	2026-01-05T20:35:16.614Z	5	0	5	0	0
https://twinkl.com.tw	2026-01-05T20:51:02.311Z	10	2	4	0	0
https://twitch.tv	2026-01-05T19:38:54.265Z	2	0	1	0	0
https://twitter.com	2026-01-05T19:43:52.631Z	1	0	2	0	0
https://twword.com	2026-01-05T19:41:38.809Z	2	0	1	0	0
https://twxs.com.tw	2026-01-05T19:57:24.968Z	3	0	1	0	0
https://u-car.com.tw	2026-01-05T20:07:29.350Z	9	1	8	0	0
https://uanalyze.com.tw	2026-01-05T20:39:19.236Z	5	0	5	0	0
https://ubuntu.com	2026-01-05T19:41:43.834Z	1	0	1	2	0
https://udn.com	2026-01-05T19:38:25.470Z	10	1	4	0	0
https://uho.com.tw	2026-01-05T19:44:42.204Z	3	0	1	0	0
https://uio.com.tw	2026-01-05T21:15:03.569Z	0	1	0	0	1
https://underarmour.tw	2026-01-05T21:05:08.868Z	0	0	1	0	0
https://unews.com.tw	2026-01-05T20:54:20.749Z	3	0	2	0	0
https://uptogo.com.tw	2026-01-05T20:50:44.691Z	3	0	4	1	0
https://urban-research.tw	2026-01-05T21:19:38.798Z	10	2	4	1	0
https://url.tw	2026-01-05T19:49:34.327Z	0	2	0	0	1
https://user.591.com.tw	2026-01-05T20:21:14.049Z	5	1	0	0	1
https://ustv.com.tw	2026-01-05T20:37:39.924Z	8	1	9	0	0
https://vacation.eztravel.com.tw	2026-01-05T20:21:16.722Z	7	1	8	0	0
https://via.com.tw	2026-01-05T20:09:41.265Z	4	0	3	0	0
https://viatech.com.tw	2026-01-05T20:06:07.420Z	3	0	3	0	0
https://video.friday.tw	2026-01-05T20:16:49.065Z	9	2	3	0	0
https://videoland.com.tw	2026-01-05T20:31:37.947Z	6	7	0	0	1
https://viking.com.tw	2026-01-05T20:57:32.592Z	2	0	2	0	0
https://virtualhost.com.tw	2026-01-05T20:50:37.780Z	2	1	0	0	1
https://visa.com.tw	2026-01-05T20:17:12.564Z	1	0	5	0	0
https://vitabox.com.tw	2026-01-05T20:16:54.117Z	9	3	7	1	0
https://vivianexplore.tw	2026-01-05T21:07:05.414Z	1	0	1	0	0
https://vocus.cc	2026-01-05T19:39:57.089Z	4	2	5	0	0
https://vogue.com.tw	2026-01-05T19:43:43.250Z	12	1	9	1	0
https://voice.kca.com.tw	2026-01-05T20:50:24.789Z	0	1	0	0	1
https://waca.tw	2026-01-05T20:47:19.943Z	5	1	0	0	1
https://wager.tw	2026-01-05T21:06:39.987Z	2	1	3	0	0
https://walkerland.com.tw	2026-01-05T20:16:44.603Z	9	0	13	0	0
https://wall.gamer.com.tw	2026-01-05T20:58:13.283Z	6	1	1	0	0
https://wantgoo.com	2026-01-05T19:38:41.814Z	4	0	4	0	0
https://wealth.com.tw	2026-01-05T20:09:05.866Z	12	1	9	0	0
https://weather.com	2026-01-05T19:44:30.082Z	5	0	7	2	0
https://web.klokah.tw	2026-01-05T21:10:34.974Z	2	2	0	0	1
https://web.tccf.org.tw	2026-01-05T21:15:19.084Z	5	0	2	0	0
https://web3.dgpa.gov.tw	2026-01-05T20:01:52.320Z	1	0	0	0	1
https://web66.com.tw	2026-01-05T20:16:40.443Z	3	0	3	0	0
https://webatm.post.gov.tw	2026-01-05T20:23:05.420Z	1	0	0	0	1
https://webdo.com.tw	2026-01-05T20:50:59.024Z	2	0	5	0	0
https://webike.tw	2026-01-05T20:22:00.554Z	4	1	6	3	0
https://webnode.tw	2026-01-05T20:32:41.609Z	4	0	2	1	0
https://webreg.tpech.gov.tw	2026-01-05T20:21:16.651Z	0	1	0	0	1
https://weddingday.com.tw	2026-01-05T20:37:34.168Z	8	2	3	0	0
https://welcometw.com	2026-01-05T19:41:31.251Z	5	1	12	0	0
https://wewanted.com.tw	2026-01-05T21:08:40.558Z	2	2	2	0	0
https://whatsapp.net	2026-01-05T19:43:04.445Z	0	2	0	0	1
https://wifly.com.tw	2026-01-05T20:08:05.806Z	1	0	1	0	0
https://wii.tw	2026-01-05T21:07:42.177Z	5	1	0	0	1
https://wikipedia.org	2026-01-05T19:38:22.373Z	0	0	0	1	0
https://windows.com	2026-01-05T19:41:16.857Z	4	3	10	0	0
https://windows.net	2026-01-05T19:44:42.964Z	2	1	3	0	0
https://wingzero.tw	2026-01-05T20:57:56.490Z	2	0	3	0	0
https://winho.com.tw	2026-01-05T20:12:56.025Z	8	0	1	0	0
https://winvest.tw	2026-01-05T20:17:09.359Z	2	1	0	0	1
https://wnacg.com	2026-01-05T19:40:39.227Z	1	0	4	0	0
https://woman.tvbs.com.tw	2026-01-05T20:01:46.789Z	9	1	5	0	0
https://womenshealthmag.com	2026-01-05T19:44:10.586Z	3	1	8	0	0
https://wondershare.tw	2026-01-05T20:49:46.287Z	3	6	2	1	0
https://wstyle.com.tw	2026-01-05T20:23:11.430Z	8	2	11	0	0
https://wuling-farm.com.tw	2026-01-05T20:59:44.404Z	3	1	1	0	0
https://wuwuji.tw	2026-01-05T20:45:53.886Z	2	0	0	0	1
https://ww2.pornhoarder.tw	2026-01-05T20:14:33.586Z	0	0	1	0	0
https://www.0800076666.com.tw/	2026-01-05T20:01:47.358Z	0	1	0	0	1
https://www.530520.com.tw/	2026-01-05T20:01:50.474Z	0	1	2	0	0
https://www.5music.com.tw/	2026-01-05T20:12:44.091Z	2	1	0	0	1
https://www.aeust.edu.tw/	2026-01-05T19:58:38.352Z	1	0	0	0	1
https://www.afa.gov.tw/	2026-01-05T19:54:21.056Z	2	0	2	0	0
https://www.align.com.tw/	2026-01-05T20:36:55.168Z	4	1	0	3	0
https://www.ambassador.com.tw/	2026-01-05T20:17:04.445Z	3	0	3	0	0
https://www.angle.com.tw/	2026-01-05T21:10:59.462Z	2	0	0	0	1
https://www.aphia.gov.tw/	2026-01-05T20:41:05.114Z	2	2	0	0	1
https://www.archives.gov.tw/	2026-01-05T20:26:49.360Z	1	0	0	0	1
https://www.ardswc.gov.tw/	2026-01-05T20:49:32.865Z	1	0	0	1	0
https://www.arte.gov.tw/	2026-01-05T20:44:17.934Z	3	1	0	0	1
https://www.asecl.com.tw/	2026-01-05T20:51:29.344Z	1	0	0	0	1
https://www.asia.edu.tw/	2026-01-05T20:07:38.773Z	2	0	1	0	0
https://www.au.edu.tw/	2026-01-05T20:52:40.363Z	2	0	0	0	1
https://www.auh.org.tw/	2026-01-05T21:18:43.969Z	3	3	0	0	1
https://www.bamid.gov.tw/	2026-01-05T21:11:09.660Z	2	0	2	0	0
https://www.banking.gov.tw/	2026-01-05T20:45:56.334Z	5	1	0	0	1
https://www.bcc.com.tw/	2026-01-05T20:51:48.432Z	2	3	0	0	1
https://www.biostar.com.tw/	2026-01-05T20:15:29.299Z	5	1	2	0	0
https://www.bli.gov.tw/	2026-01-05T19:44:26.719Z	2	0	1	0	0
https://www.blood.org.tw/	2026-01-05T20:54:59.924Z	2	1	0	0	1
https://www.bnextmedia.com.tw/	2026-01-05T20:07:44.743Z	1	0	5	0	0
https://www.boca.gov.tw/	2026-01-05T19:53:01.612Z	3	2	0	0	1
https://www.bocach.gov.tw/	2026-01-05T20:45:43.978Z	4	1	0	0	1
https://www.boch.gov.tw/	2026-01-05T20:45:53.655Z	1	0	1	0	0
https://www.bok.com.tw/	2026-01-05T20:39:34.474Z	1	1	0	0	1
https://www.bot.com.tw/	2026-01-05T19:40:54.876Z	0	1	0	0	1
https://www.bsmi.gov.tw/	2026-01-05T20:26:47.185Z	2	1	0	0	1
https://www.bwnet.com.tw/	2026-01-05T20:54:13.155Z	19	2	3	0	0
https://www.bwt.com.tw/	2026-01-05T20:50:32.742Z	3	3	2	0	0
https://www.caa.gov.tw/	2026-01-05T20:35:38.421Z	4	0	1	0	0
https://www.capital.com.tw/	2026-01-05T20:21:56.688Z	1	1	0	0	1
https://www.capitalfutures.com.tw/	2026-01-05T21:13:06.747Z	2	2	0	0	1
https://www.car-plus.com.tw/	2026-01-05T21:05:44.497Z	4	2	5	0	0
https://www.cathay-cube.com.tw/	2026-01-05T20:09:00.451Z	2	0	1	0	0
https://www.cathaysec.com.tw/	2026-01-05T20:17:06.654Z	4	1	0	0	1
https://www.cbc.gov.tw/	2026-01-05T20:26:32.060Z	5	1	1	0	0
https://www.ccf.org.tw/	2026-01-05T21:10:55.091Z	2	0	2	0	0
https://www.ccgh.com.tw/	2026-01-05T21:05:39.222Z	1	1	2	0	0
https://www.cec.gov.tw/	2026-01-05T20:31:30.458Z	0	1	0	0	1
https://www.ceci.com.tw/	2026-01-05T21:14:07.728Z	0	0	1	0	0
https://www.ceec.edu.tw/	2026-01-05T20:41:15.579Z	3	0	0	0	1
https://www.cga.gov.tw/	2026-01-05T20:43:04.835Z	3	0	0	0	1
https://www.cgmh.org.tw/	2026-01-05T19:52:40.473Z	3	1	0	0	1
https://www.cgu.edu.tw/	2026-01-05T19:53:22.726Z	6	0	0	0	1
https://www.cgust.edu.tw/	2026-01-05T20:16:33.381Z	5	0	0	0	1
https://www.chailease.com.tw/	2026-01-05T20:54:15.703Z	3	2	4	0	0
https://www.chc.edu.tw/	2026-01-05T19:53:20.176Z	2	0	2	0	0
https://www.chcg.gov.tw/	2026-01-05T20:15:18.452Z	2	2	0	0	1
https://www.chiayi.gov.tw/	2026-01-05T20:09:25.645Z	4	1	0	0	1
https://www.chimei.com.tw/	2026-01-05T23:40:17.706Z	2	2	0	0	1
https://www.cht.com.tw/	2026-01-05T19:40:12.364Z	5	3	4	0	0
https://www.chu.edu.tw/	2026-01-05T20:07:25.431Z	3	0	0	0	1
https://www.cier.edu.tw/	2026-01-05T21:14:14.218Z	3	0	0	0	1
https://www.cksmh.gov.tw/	2026-01-05T21:12:04.184Z	1	2	2	0	0
https://www.cmedia.com.tw/	2026-01-05T20:47:32.661Z	4	1	0	0	1
https://www.cnfi.org.tw/	2026-01-05T21:10:48.164Z	1	2	0	0	1
https://www.cnu.edu.tw/	2026-01-05T20:12:48.958Z	4	2	0	0	1
https://www.coolenglish.edu.tw/	2026-01-05T19:58:47.299Z	3	2	2	0	0
https://www.cpami.gov.tw/	2026-01-05T20:25:50.079Z	0	0	1	0	0
https://www.cpc.com.tw/	2026-01-05T20:24:33.547Z	3	2	0	0	1
https://www.cpu.edu.tw/	2026-01-05T19:49:34.686Z	6	0	0	0	1
https://www.csc.com.tw/	2026-01-05T20:35:42.253Z	1	2	0	0	1
https://www.csh.org.tw/	2026-01-05T20:41:17.918Z	4	3	2	0	0
https://www.csmu.edu.tw/	2026-01-05T20:30:15.476Z	4	1	0	0	1
https://www.csu.edu.tw/	2026-01-05T20:06:19.470Z	6	0	0	0	1
https://www.ctcn.edu.tw/	2026-01-05T20:46:02.231Z	3	0	0	0	1
https://www.cth.org.tw/	2026-01-05T20:50:04.718Z	6	1	0	0	1
https://www.cthyh.org.tw/	2026-01-05T21:13:36.852Z	2	1	0	0	1
https://www.ctu.edu.tw/	2026-01-05T20:11:47.263Z	1	1	0	0	1
https://www.customs.gov.tw/	2026-01-05T20:28:49.088Z	1	0	0	0	1
https://www.cwa.gov.tw/	2026-01-05T19:38:28.039Z	2	1	0	0	1
https://www.cy.edu.tw/	2026-01-05T20:17:04.490Z	4	1	0	0	1
https://www.cy.gov.tw/	2026-01-05T20:39:15.380Z	2	0	2	0	0
https://www.cyc.edu.tw/	2026-01-05T20:10:11.401Z	2	1	0	0	1
https://www.cyc.org.tw/	2026-01-05T20:37:22.057Z	3	1	0	0	1
https://www.cyhg.gov.tw/	2026-01-05T20:21:31.225Z	4	1	1	0	0
https://www.cyut.edu.tw/	2026-01-05T20:01:28.936Z	6	2	1	0	0
https://www.dahan.edu.tw/	2026-01-05T20:49:56.926Z	2	0	0	0	1
https://www.daiso.com.tw/	2026-01-05T21:16:02.451Z	4	1	1	0	0
https://www.dietician.com.tw/	2026-01-05T20:20:28.699Z	8	1	1	0	0
https://www.dlink.com.tw/	2026-01-05T19:52:59.070Z	3	1	6	0	0
https://www.dot.gov.tw/	2026-01-05T21:05:43.752Z	4	1	0	0	1
https://www.drv.tw/	2026-01-05T20:06:58.543Z	7	0	1	0	0
https://www.e-fpg.com.tw/	2026-01-05T19:58:42.566Z	0	1	0	0	1
https://www.e-land.gov.tw/	2026-01-05T20:12:15.049Z	8	1	0	0	1
https://www.easycard.com.tw/	2026-01-05T20:07:36.714Z	4	2	0	0	1
https://www.easyrent.com.tw/	2026-01-05T20:59:52.734Z	0	1	0	0	1
https://www.easyshop.com.tw/	2026-01-05T21:14:28.608Z	14	1	2	0	0
https://www.ebus.com.tw/	2026-01-05T20:16:53.962Z	2	1	0	0	1
https://www.ecpay.com.tw/	2026-01-05T20:13:11.542Z	6	1	0	0	1
https://www.ecs.com.tw/	2026-01-05T20:13:14.439Z	4	0	1	0	0
https://www.edah.org.tw/	2026-01-05T20:54:48.579Z	7	0	2	0	0
https://www.edathemepark.com.tw/	2026-01-05T20:57:58.420Z	6	2	1	0	0
https://www.edu.tw/	2026-01-05T19:47:26.282Z	4	2	1	0	0
https://www.ehanlin.com.tw/	2026-01-05T20:13:08.829Z	7	1	7	0	0
https://www.esis.com.tw/	2026-01-05T20:01:50.637Z	4	2	1	0	0
https://www.esunsec.com.tw/	2026-01-05T20:34:51.635Z	3	3	1	0	0
https://www.ey.gov.tw/	2026-01-05T19:49:40.524Z	3	1	0	0	1
https://www.ezmoney.com.tw/	2026-01-05T20:18:36.754Z	5	0	0	0	1
https://www.f-2.com.tw/	2026-01-05T20:51:34.200Z	0	1	0	0	1
https://www.fa.gov.tw/	2026-01-05T20:54:57.573Z	3	0	0	0	1
https://www.famiport.com.tw/	2026-01-05T20:39:26.528Z	0	0	1	0	0
https://www.fashionguide.com.tw/	2026-01-05T20:35:05.615Z	7	1	3	0	0
https://www.fbs.com.tw/	2026-01-05T20:06:03.584Z	2	0	0	0	1
https://www.fcu.edu.tw/	2026-01-05T19:47:37.985Z	7	1	1	0	0
https://www.feastogether.com.tw/	2026-01-05T20:22:47.216Z	2	0	1	0	0
https://www.feds.com.tw/	2026-01-05T20:12:33.872Z	3	1	2	0	0
https://www.feg.com.tw/	2026-01-05T21:12:20.000Z	2	1	0	0	1
https://www.feib.com.tw/	2026-01-05T20:09:43.952Z	6	0	0	0	1
https://www.femh.org.tw/	2026-01-05T20:11:23.452Z	3	1	0	0	1
https://www.fetc.net.tw/	2026-01-05T20:15:15.696Z	4	0	0	0	1
https://www.ffxiv.com.tw/	2026-01-05T19:58:50.791Z	3	2	5	0	0
https://www.fglife.com.tw/	2026-01-05T21:11:59.663Z	3	1	0	0	1
https://www.fgs.org.tw/	2026-01-05T20:25:47.725Z	1	1	0	1	0
https://www.fgu.edu.tw/	2026-01-05T20:24:46.600Z	7	1	4	0	0
https://www.firdi.org.tw/	2026-01-05T21:05:29.671Z	2	0	1	0	0
https://www.fisc.com.tw/	2026-01-05T20:05:47.887Z	1	1	0	0	1
https://www.forecastock.tw/	2026-01-05T20:50:29.346Z	10	5	8	0	0
https://www.forest.gov.tw/	2026-01-05T20:14:23.522Z	3	0	1	0	0
https://www.fortune.com.tw/	2026-01-05T21:08:33.200Z	1	0	4	0	0
https://www.franklin.com.tw/	2026-01-05T21:05:25.106Z	9	1	5	0	0
https://www.freeway.gov.tw/	2026-01-05T20:31:26.231Z	3	2	0	0	1
https://www.fsc.gov.tw/	2026-01-05T20:29:36.683Z	4	1	0	0	1
https://www.geovision.com.tw/	2026-01-05T20:59:43.687Z	6	1	1	0	0
https://www.gov.taipei/	2026-01-05T19:39:31.986Z	5	0	1	0	0
https://www.greenvines.com.tw/	2026-01-05T20:49:12.942Z	13	1	11	0	0
https://www.hakka.gov.tw/	2026-01-05T20:31:11.397Z	4	1	0	0	1
https://www.hanshin.com.tw/	2026-01-05T20:59:47.251Z	4	1	1	0	0
https://www.hc.edu.tw/	2026-01-05T20:03:18.052Z	7	1	0	0	1
https://www.hcc.edu.tw/	2026-01-05T20:05:19.552Z	4	0	0	0	1
https://www.hccg.gov.tw/	2026-01-05T20:15:12.382Z	5	1	0	0	1
https://www.hch.gov.tw/	2026-01-05T20:36:01.878Z	7	1	0	0	1
https://www.hct.com.tw/	2026-01-05T19:54:24.865Z	6	2	2	0	0
https://www.hcu.edu.tw/	2026-01-05T20:47:08.436Z	4	0	0	0	1
https://www.hk.edu.tw/	2026-01-05T20:24:37.249Z	6	2	9	0	0
https://www.hncb.com.tw/	2026-01-05T20:07:32.404Z	4	0	0	0	1
https://www.house-info.com.tw/	2026-01-05T20:59:37.695Z	3	0	1	0	0
https://www.houseol.com.tw/	2026-01-05T21:15:46.172Z	6	5	0	0	1
https://www.hrd.gov.tw/	2026-01-05T19:56:24.772Z	2	1	0	0	1
https://www.hsinchu.gov.tw/	2026-01-05T20:31:47.483Z	4	1	0	0	1
https://www.ht.org.tw/	2026-01-05T20:52:59.120Z	8	2	1	0	0
https://www.hust.edu.tw/	2026-01-05T20:29:31.389Z	8	0	0	0	1
https://www.hwu.edu.tw/	2026-01-05T20:07:46.384Z	4	0	0	0	1
https://www.hyweb.com.tw/	2026-01-05T20:35:06.409Z	7	1	3	0	0
https://www.i-pass.com.tw/	2026-01-05T20:33:37.883Z	6	3	1	0	0
https://www.icash.com.tw/	2026-01-05T21:06:12.437Z	5	2	2	0	0
https://www.icdf.org.tw/	2026-01-05T21:05:20.489Z	5	1	2	0	0
https://www.icheers.tw/	2026-01-05T21:15:49.804Z	4	0	0	0	1
https://www.icrt.com.tw/	2026-01-05T20:47:19.467Z	2	2	0	0	1
https://www.ilc.edu.tw/	2026-01-05T20:01:33.675Z	3	2	3	0	0
https://www.immigration.gov.tw/	2026-01-05T19:52:36.362Z	2	2	0	0	1
https://www.ipcf.org.tw/	2026-01-05T23:39:05.525Z	5	0	1	0	0
https://www.itri.org.tw/	2026-01-05T19:52:34.090Z	2	2	0	0	1
https://www.jente.edu.tw/	2026-01-05T20:46:09.507Z	1	0	0	0	1
https://www.just.edu.tw/	2026-01-05T20:33:09.511Z	1	0	1	0	0
https://www.k12ea.gov.tw/	2026-01-05T20:31:41.280Z	3	0	0	0	1
https://www.kbro.com.tw/	2026-01-05T20:29:04.600Z	8	2	4	0	0
https://www.kca.com.tw/	2026-01-05T20:50:23.005Z	7	0	0	0	1
https://www.kcg.gov.tw/	2026-01-05T19:44:54.770Z	5	1	1	0	0
https://www.kfcclub.com.tw/	2026-01-05T20:13:25.365Z	5	1	3	0	0
https://www.kgi.com.tw/	2026-01-05T20:35:29.098Z	6	1	4	0	0
https://www.kgibank.com.tw/	2026-01-05T20:37:07.321Z	7	2	4	0	0
https://www.kgilife.com.tw/	2026-01-05T20:38:01.630Z	5	2	1	0	0
https://www.kh.edu.tw/	2026-01-05T19:45:24.939Z	2	0	1	0	0
https://www.kia.gov.tw/	2026-01-05T20:45:13.260Z	4	1	1	0	0
https://www.kingbus.com.tw/	2026-01-05T20:45:56.646Z	0	1	0	0	1
https://www.kl.edu.tw/	2026-01-05T20:13:00.891Z	4	0	0	0	1
https://www.klcg.gov.tw/	2026-01-05T20:12:53.540Z	3	1	0	0	1
https://www.kmdn.gov.tw/	2026-01-05T20:35:08.099Z	2	0	0	0	1
https://www.kmu.edu.tw/	2026-01-05T20:03:00.776Z	4	0	0	0	1
https://www.kpprc.edu.tw/	2026-01-05T19:47:21.193Z	1	0	0	0	1
https://www.krtc.com.tw/	2026-01-05T20:37:50.739Z	3	1	0	0	1
https://www.ksu.edu.tw/	2026-01-05T20:06:06.154Z	3	0	1	0	0
https://www.ktb.com.tw/	2026-01-05T21:04:24.323Z	5	1	1	0	0
https://www.ktgh.com.tw/	2026-01-05T20:46:07.341Z	0	2	0	0	1
https://www.kyu.edu.tw/	2026-01-05T20:50:41.268Z	3	0	0	0	1
https://www.laf.org.tw/	2026-01-05T20:50:44.467Z	7	1	0	0	1
https://www.landbank.com.tw/	2026-01-05T20:15:39.537Z	1	1	0	0	1
https://www.lifetour.com.tw/	2026-01-05T20:41:09.912Z	4	2	6	0	0
https://www.likr.tw/	2026-01-05T19:45:57.636Z	5	2	15	0	0
https://www.liontravel.com/	2026-01-05T19:41:51.915Z	10	1	0	0	1
https://www.localking.com.tw/	2026-01-05T20:49:18.039Z	1	3	2	0	0
https://www.ly.gov.tw/	2026-01-05T20:09:11.925Z	4	1	0	0	1
https://www.map.com.tw/	2026-01-05T20:12:18.392Z	4	0	2	0	0
https://www.mars-semi.com.tw/	2026-01-05T20:22:43.234Z	2	0	2	0	0
https://www.masterlink.com.tw/	2026-01-05T20:30:57.155Z	5	2	0	0	1
https://www.matsu-news.gov.tw/	2026-01-05T20:48:54.660Z	3	0	0	0	1
https://www.mcut.edu.tw/	2026-01-05T20:31:22.430Z	4	1	0	0	1
https://www.mdu.edu.tw/	2026-01-05T20:57:42.071Z	6	0	0	0	1
https://www.meiho.edu.tw/	2026-01-05T21:06:16.707Z	3	0	0	0	1
https://www.mercedes-benz.com.tw/	2026-01-05T20:37:52.362Z	0	5	2	0	0
https://www.mgmotor.com.tw/	2026-01-05T21:11:29.497Z	7	1	12	0	0
https://www.mini.com.tw/	2026-01-05T20:57:25.296Z	0	1	1	0	0
https://www.mirdc.org.tw/	2026-01-05T21:10:51.970Z	2	1	0	0	1
https://www.misterdonut.com.tw/	2026-01-05T21:19:28.623Z	5	1	0	0	1
https://www.mjib.gov.tw/	2026-01-05T20:32:29.452Z	5	1	1	0	0
https://www.mli.com.tw/	2026-01-05T21:08:30.821Z	2	0	0	0	1
https://www.mmh.org.tw/	2026-01-05T19:52:37.414Z	0	1	0	0	1
https://www.mnd.gov.tw/	2026-01-05T20:07:35.651Z	1	1	1	0	0
https://www.moa.gov.tw/	2026-01-05T20:05:35.332Z	3	1	0	0	1
https://www.moe.gov.tw/	2026-01-05T20:05:55.171Z	5	1	1	0	0
https://www.moea.gov.tw/	2026-01-05T20:03:21.811Z	2	0	2	0	0
https://www.moenv.gov.tw/	2026-01-05T20:05:42.295Z	0	1	0	0	1
https://www.moex.gov.tw/	2026-01-05T20:31:36.989Z	3	0	0	0	1
https://www.mof.gov.tw/	2026-01-05T19:53:14.837Z	6	1	1	0	0
https://www.mofa.gov.tw/	2026-01-05T20:05:12.370Z	1	2	0	0	1
https://www.moi.gov.tw/	2026-01-05T19:44:52.012Z	3	3	1	0	0
https://www.moj.gov.tw/	2026-01-05T19:44:19.872Z	4	0	0	0	1
https://www.mol.gov.tw/	2026-01-05T20:06:30.971Z	3	1	0	0	1
https://www.money-link.com.tw/	2026-01-05T20:35:31.255Z	6	3	3	0	0
https://www.mos.com.tw/	2026-01-05T20:50:41.388Z	2	1	2	0	0
https://www.mrliving.com.tw/	2026-01-05T21:14:35.485Z	6	1	3	0	0
https://www.msig-mingtai.com.tw/	2026-01-05T21:05:39.430Z	9	3	4	0	0
https://www.mtnet.gov.tw/	2026-01-05T20:55:31.789Z	3	3	0	0	1
https://www.must.edu.tw/	2026-01-05T20:07:52.947Z	6	0	3	0	0
https://www.mycard520.com.tw/	2026-01-05T20:30:08.368Z	1	3	1	0	0
https://www.naif.org.tw/	2026-01-05T21:10:35.290Z	0	1	0	0	1
https://www.nantou.gov.tw/	2026-01-05T20:24:25.742Z	2	2	0	0	1
https://www.ncafroc.org.tw/	2026-01-05T20:34:58.791Z	2	0	1	0	0
https://www.nchc.org.tw/	2026-01-05T19:50:22.198Z	3	0	0	0	1
https://www.ncl.edu.tw/	2026-01-05T19:47:35.387Z	3	0	0	0	1
https://www.ncnu.edu.tw/	2026-01-05T19:52:47.552Z	5	0	0	0	1
https://www.ncyu.edu.tw/	2026-01-05T19:56:05.250Z	7	0	0	0	1
https://www.ndhu.edu.tw/	2026-01-05T19:53:26.955Z	6	1	0	0	1
https://www.ndmctsgh.edu.tw/	2026-01-05T20:01:40.047Z	5	1	0	0	1
https://www.ndu.edu.tw/	2026-01-05T20:12:05.275Z	1	0	0	0	1
https://www.ner.gov.tw/	2026-01-05T20:35:23.237Z	5	1	0	0	1
https://www.nfa.gov.tw/	2026-01-05T20:15:10.768Z	7	2	3	0	0
https://www.nhri.edu.tw/	2026-01-05T20:29:42.931Z	1	1	0	0	1
https://www.nhri.org.tw/	2026-01-05T20:05:51.208Z	1	1	0	0	1
https://www.nhrm.gov.tw/	2026-01-05T21:14:00.735Z	3	2	1	0	0
https://www.nissan.com.tw/	2026-01-05T20:50:52.000Z	12	3	11	0	0
https://www.nitori-net.tw/	2026-01-05T21:13:53.955Z	0	0	1	0	0
https://www.nknu.edu.tw/	2026-01-05T20:15:34.525Z	9	1	1	0	0
https://www.nkuht.edu.tw/	2026-01-05T20:29:59.662Z	6	0	0	0	1
https://www.nlma.gov.tw/	2026-01-05T19:49:27.687Z	1	0	0	0	1
https://www.nlsc.gov.tw/	2026-01-05T20:24:00.725Z	3	2	0	0	1
https://www.nmth.gov.tw/	2026-01-05T20:48:42.161Z	3	2	2	0	0
https://www.nmtl.gov.tw/	2026-01-05T20:55:55.641Z	2	2	2	0	0
https://www.nou.edu.tw/	2026-01-05T20:24:37.475Z	2	1	1	0	0
https://www.npm.edu.tw/	2026-01-05T20:25:37.337Z	5	0	2	0	0
https://www.npm.gov.tw/	2026-01-05T19:54:17.390Z	5	0	2	0	0
https://www.nptu.edu.tw/	2026-01-05T19:56:22.149Z	5	0	3	0	0
https://www.npust.edu.tw/	2026-01-05T20:13:22.390Z	4	0	1	0	0
https://www.nqu.edu.tw/	2026-01-05T20:35:44.861Z	2	0	0	0	1
https://www.nstc.gov.tw/	2026-01-05T20:28:56.415Z	2	0	0	0	1
https://www.nstm.gov.tw/	2026-01-05T20:47:52.764Z	3	1	0	0	1
https://www.nsysu.edu.tw/	2026-01-05T19:47:40.293Z	2	1	0	0	1
https://www.nta.gov.tw/	2026-01-05T20:55:02.396Z	4	1	0	0	1
https://www.ntbt.gov.tw/	2026-01-05T20:43:07.725Z	6	2	1	0	0
https://www.ntct.edu.tw/	2026-01-05T19:51:08.438Z	1	0	0	0	1
https://www.nthu.edu.tw/	2026-01-05T19:45:18.223Z	2	1	2	0	0
https://www.ntm.gov.tw/	2026-01-05T21:08:47.527Z	2	0	2	0	0
https://www.ntmofa.gov.tw/	2026-01-05T20:48:54.648Z	1	2	2	0	0
https://www.ntnu.edu.tw/	2026-01-05T19:45:22.218Z	6	0	0	0	1
https://www.ntou.edu.tw/	2026-01-05T22:27:15.993Z	6	0	0	0	1
https://www.ntpc.edu.tw/	2026-01-05T19:45:20.595Z	5	1	0	0	1
https://www.ntpc.gov.tw/	2026-01-05T19:50:42.689Z	2	2	1	0	0
https://www.ntpu.edu.tw/	2026-01-05T19:47:44.143Z	5	1	0	0	1
https://www.ntsec.gov.tw/	2026-01-05T20:54:25.534Z	4	0	0	0	1
https://www.ntu.edu.tw/	2026-01-05T19:45:04.885Z	3	1	0	0	1
https://www.ntua.edu.tw/	2026-01-05T20:26:51.524Z	2	0	0	0	1
https://www.ntub.edu.tw/	2026-01-05T20:24:33.488Z	2	0	0	0	1
https://www.ntue.edu.tw/	2026-01-05T20:31:59.575Z	2	1	0	0	1
https://www.ntunhs.edu.tw/	2026-01-05T20:07:41.636Z	3	0	0	0	1
https://www.ntus.edu.tw/	2026-01-05T20:35:37.470Z	7	0	1	0	0
https://www.nuk.edu.tw/	2026-01-05T20:11:18.605Z	3	0	0	0	1
https://www.nutn.edu.tw/	2026-01-05T20:06:24.269Z	4	0	0	0	1
https://www.nvri.gov.tw/	2026-01-05T20:57:51.845Z	2	1	4	0	0
https://www.nycu.edu.tw/	2026-01-05T19:51:09.579Z	2	1	0	0	1
https://www.obdesign.com.tw/	2026-01-05T20:16:30.392Z	16	1	4	0	0
https://www.omniu.com.tw/	2026-01-05T20:50:39.231Z	0	1	0	0	1
https://www.osc.com.tw/	2026-01-05T21:12:29.356Z	4	1	1	0	0
https://www.osha.gov.tw/	2026-01-05T20:29:00.025Z	3	2	0	0	1
https://www.ouk.edu.tw/	2026-01-05T20:11:31.484Z	7	0	1	0	0
https://www.p9.com.tw/	2026-01-05T19:57:57.894Z	3	0	1	0	0
https://www.pcc.gov.tw/	2026-01-05T19:52:52.317Z	1	2	3	0	0
https://www.pcschool.com.tw/	2026-01-05T21:03:32.915Z	9	2	7	0	0
https://www.pcstore.com.tw/	2026-01-05T20:09:46.864Z	0	0	1	0	0
https://www.penghu.gov.tw/	2026-01-05T20:41:30.976Z	3	3	0	0	1
https://www.pic.net.tw/	2026-01-05T20:51:43.372Z	5	0	0	0	1
https://www.pocket.tw/	2026-01-05T20:13:01.938Z	7	1	3	0	0
https://www.pohai.org.tw/	2026-01-05T20:49:49.962Z	7	2	1	0	0
https://www.post.gov.tw/	2026-01-05T19:44:31.026Z	3	0	0	0	1
https://www.poyabuy.com.tw/	2026-01-05T20:15:27.626Z	15	1	6	0	0
https://www.president.gov.tw/	2026-01-05T20:05:24.098Z	3	1	0	0	1
https://www.ptc.edu.tw/	2026-01-05T20:09:21.762Z	2	0	0	0	1
https://www.pthg.gov.tw/	2026-01-05T20:13:08.347Z	6	1	0	0	1
https://www.pts.org.tw/	2026-01-05T19:49:08.605Z	8	0	3	0	0
https://www.pxmart.com.tw/	2026-01-05T20:08:30.226Z	5	0	1	0	0
https://www.qno.com.tw/	2026-01-05T21:06:26.673Z	0	1	0	0	1
https://www.qsquare.com.tw/	2026-01-05T20:54:22.594Z	3	2	0	0	1
https://www.queenshop.com.tw/	2026-01-05T20:58:10.120Z	6	3	11	1	0
https://www.railway.gov.tw/	2026-01-05T19:41:22.226Z	1	2	0	0	1
https://www.ris.gov.tw/	2026-01-05T20:08:38.101Z	6	0	1	0	0
https://www.rootlaw.com.tw/	2026-01-05T20:35:12.146Z	1	0	1	0	0
https://www.sa.gov.tw/	2026-01-05T20:52:45.395Z	1	0	2	0	0
https://www.sakura.com.tw/	2026-01-05T21:06:02.125Z	7	1	2	0	0
https://www.sampo.com.tw/	2026-01-05T20:46:37.403Z	4	1	1	0	0
https://www.sanjing3c.com.tw/	2026-01-05T20:49:39.264Z	4	2	0	0	1
https://www.seec.com.tw/	2026-01-05T20:54:24.303Z	2	0	2	0	0
https://www.sen.edu.tw/	2026-01-05T20:51:11.488Z	2	0	3	0	0
https://www.senao.com.tw/	2026-01-05T20:28:46.058Z	1	0	3	0	0
https://www.sfb.gov.tw/	2026-01-05T21:10:30.071Z	4	1	0	0	1
https://www.sfi.org.tw/	2026-01-05T20:45:47.686Z	2	1	0	0	1
https://www.shalom.com.tw/	2026-01-05T20:01:22.148Z	6	1	1	0	0
https://www.shinyeh.com.tw/	2026-01-05T20:54:48.815Z	2	1	0	0	1
https://www.shop2000.com.tw/	2026-01-05T19:52:34.481Z	4	1	0	0	1
https://www.shs.edu.tw/	2026-01-05T21:05:18.753Z	2	0	6	0	0
https://www.sinica.edu.tw/	2026-01-05T19:45:16.601Z	1	2	0	0	1
https://www.sinopac.com/	2026-01-05T19:44:57.361Z	1	1	0	0	1
https://www.sinotrade.com.tw/	2026-01-05T19:52:21.920Z	7	4	1	0	0
https://www.skbank.com.tw/	2026-01-05T20:21:27.958Z	0	1	0	0	1
https://www.skh.org.tw/	2026-01-05T20:35:33.146Z	6	2	0	0	1
https://www.sks.com.tw/	2026-01-05T21:10:54.836Z	3	0	0	1	0
https://www.smartdaily.com.tw/	2026-01-05T21:07:45.540Z	2	1	2	4	0
https://www.sme.gov.tw/	2026-01-05T20:29:14.076Z	2	1	2	0	0
https://www.softstar.com.tw/	2026-01-05T20:41:22.775Z	5	1	0	0	1
https://www.sogo.com.tw/	2026-01-05T20:37:32.157Z	10	1	7	0	0
https://www.sso.edu.tw/	2026-01-05T21:04:49.325Z	2	0	0	0	1
https://www.starbucks.com.tw/	2026-01-05T19:52:29.195Z	5	1	1	0	0
https://www.stat.gov.tw/	2026-01-05T20:32:21.069Z	0	0	1	0	0
https://www.stdtime.gov.tw/	2026-01-05T19:49:42.479Z	1	1	0	0	1
https://www.stm.org.tw/	2026-01-05T20:55:51.301Z	4	1	0	0	1
https://www.stust.edu.tw/	2026-01-05T19:52:33.952Z	3	0	1	0	0
https://www.sum.com.tw/	2026-01-05T20:13:19.120Z	5	1	7	0	0
https://www.sunmoonlake.gov.tw/	2026-01-05T20:52:55.887Z	4	1	0	0	1
https://www.sunnybank.com.tw/	2026-01-05T20:47:10.544Z	0	0	1	0	0
https://www.syntrend.com.tw/	2026-01-05T21:06:39.930Z	5	0	1	0	0
https://www.szmc.edu.tw/	2026-01-05T20:33:32.689Z	5	1	0	0	1
https://www.taftw.org.tw/	2026-01-05T20:59:35.179Z	1	1	1	0	0
https://www.taian.com.tw/	2026-01-05T20:59:35.877Z	8	1	1	0	0
https://www.taichung.gov.tw/	2026-01-05T19:50:29.724Z	6	1	1	0	0
https://www.taifex.com.tw/	2026-01-05T20:35:01.322Z	2	0	1	0	0
https://www.taifo.com.tw/	2026-01-05T20:35:29.094Z	2	1	0	0	1
https://www.tainan.gov.tw/	2026-01-05T20:01:57.051Z	3	0	0	0	1
https://www.taipei-101.com.tw/	2026-01-05T20:41:05.487Z	2	3	0	0	1
https://www.taipeiitf.org.tw/	2026-01-05T21:06:33.027Z	4	1	1	0	0
https://www.taipower.com.tw/	2026-01-05T19:49:19.768Z	4	0	0	0	1
https://www.taisugar.com.tw/	2026-01-05T20:33:26.252Z	6	1	5	0	0
https://www.taiwanjobs.gov.tw/	2026-01-05T20:06:37.297Z	3	0	0	0	1
https://www.taiwanpay.com.tw/	2026-01-05T21:04:56.511Z	0	1	0	0	1
https://www.taiwantaxi.com.tw/	2026-01-05T20:57:09.545Z	3	1	3	0	0
https://www.taiwantrip.com.tw/	2026-01-05T20:12:29.459Z	7	0	1	0	0
https://www.taohome.com.tw/	2026-01-05T21:05:10.210Z	4	2	5	0	0
https://www.taroko.gov.tw/	2026-01-05T20:58:05.024Z	6	3	1	0	0
https://www.tbb.com.tw/	2026-01-05T20:30:26.343Z	4	1	1	0	0
https://www.tbc.net.tw/	2026-01-05T20:49:27.672Z	3	2	1	0	0
https://www.tbkc.gov.tw/	2026-01-05T20:44:29.146Z	2	3	0	0	1
https://www.tca.gov.tw/	2026-01-05T20:54:45.040Z	4	0	0	0	1
https://www.tccf.org.tw/	2026-01-05T21:15:06.385Z	2	0	3	0	0
https://www.tcrc.edu.tw/	2026-01-05T19:47:34.115Z	3	0	0	0	1
https://www.tcu.edu.tw/	2026-01-05T20:11:50.375Z	4	0	2	0	0
https://www.tdcc.com.tw/	2026-01-05T20:23:29.692Z	3	3	0	0	1
https://www.tfmi.com.tw/	2026-01-05T21:06:09.950Z	5	0	1	0	0
https://www.thb.gov.tw/	2026-01-05T20:24:32.472Z	2	1	3	0	0
https://www.thsrc.com.tw/	2026-01-05T19:49:32.569Z	3	1	0	0	1
https://www.tii.org.tw/	2026-01-05T20:21:26.303Z	1	1	0	0	1
https://www.tiktokv.com/	2026-01-05T19:40:48.069Z	5	4	2	0	0
https://www.tipo.gov.tw/	2026-01-05T20:09:08.911Z	3	0	1	0	0
https://www.tkbgo.com.tw/	2026-01-05T21:08:23.492Z	9	0	4	0	0
https://www.tku.edu.tw/	2026-01-05T19:46:05.610Z	3	0	3	0	0
https://www.tmnewa.com.tw/	2026-01-05T20:46:29.668Z	3	0	1	0	0
https://www.tmu.edu.tw/	2026-01-05T19:52:32.223Z	4	0	0	0	1
https://www.tmuh.org.tw/	2026-01-05T20:29:07.813Z	6	0	0	0	1
https://www.tnn.tw/	2026-01-05T20:41:28.568Z	0	1	0	0	1
https://www.tnnua.edu.tw/	2026-01-05T20:55:41.513Z	4	1	0	0	1
https://www.tnu.edu.tw/	2026-01-05T20:32:05.082Z	4	0	0	0	1
https://www.tnua.edu.tw/	2026-01-05T20:15:05.177Z	7	0	0	0	1
https://www.tongli.com.tw/	2026-01-05T20:47:29.343Z	4	2	2	0	0
https://www.tpcu.edu.tw/	2026-01-05T20:02:54.256Z	1	0	0	0	1
https://www.trade.gov.tw/	2026-01-05T20:17:00.216Z	3	1	1	0	0
https://www.transglobe.com.tw/	2026-01-05T20:39:42.703Z	6	1	1	0	0
https://www.trplus.com.tw/	2026-01-05T19:53:12.226Z	10	2	4	0	0
https://www.tsa.gov.tw/	2026-01-05T21:05:48.520Z	3	1	2	0	0
https://www.tsos.org.tw/	2026-01-05T21:02:45.046Z	1	1	0	0	1
https://www.tssco.com.tw/	2026-01-05T20:34:17.942Z	5	0	0	0	1
https://www.ttl.com.tw/	2026-01-05T20:41:34.379Z	3	1	2	0	0
https://www.twmp.com.tw/	2026-01-05T21:04:44.747Z	3	1	0	0	1
https://www.twnch.org.tw/	2026-01-05T20:29:25.466Z	1	1	0	0	1
https://www.twport.com.tw/	2026-01-05T20:24:49.792Z	2	1	0	0	1
https://www.twse.com.tw/	2026-01-05T19:47:30.268Z	3	1	0	0	1
https://www.twtoto.com.tw/	2026-01-05T20:57:50.054Z	9	3	10	0	0
https://www.tyc.edu.tw/	2026-01-05T19:45:13.008Z	3	1	1	0	0
https://www.tycg.gov.tw/	2026-01-05T19:51:28.625Z	2	2	0	0	1
https://www.tyh.com.tw/	2026-01-05T21:02:33.110Z	7	0	0	0	1
https://www.typl.gov.tw/	2026-01-05T21:08:56.359Z	3	1	0	0	1
https://www.ubot.com.tw/	2026-01-05T20:31:10.512Z	0	0	1	0	0
https://www.ubus.com.tw/	2026-01-05T20:43:52.755Z	0	1	0	0	1
https://www.uj.com.tw/	2026-01-05T20:24:41.076Z	3	0	1	0	0
https://www.ukn.edu.tw/	2026-01-05T20:39:55.809Z	4	0	0	0	1
https://www.usc.edu.tw/	2026-01-05T20:07:32.382Z	3	0	0	0	1
https://www.vnu.edu.tw/	2026-01-05T20:05:50.387Z	4	0	0	0	1
https://www.water.gov.tw/	2026-01-05T20:33:45.775Z	3	1	0	0	1
https://www.wda.gov.tw/	2026-01-05T22:26:58.377Z	4	0	0	0	1
https://www.wdasec.gov.tw/	2026-01-05T20:46:43.555Z	4	0	0	0	1
https://www.wingnet.com.tw/	2026-01-05T20:58:30.759Z	0	1	0	0	1
https://www.wonderfulfood.com.tw/	2026-01-05T20:53:59.714Z	5	2	11	0	0
https://www.worldvision.org.tw/	2026-01-05T21:04:46.368Z	0	0	2	0	0
https://www.wra.gov.tw/	2026-01-05T20:08:55.645Z	2	2	0	0	1
https://www.wzu.edu.tw/	2026-01-05T20:27:00.655Z	13	0	2	0	0
https://www.yamaha-motor.com.tw/	2026-01-05T20:13:31.871Z	7	3	3	0	0
https://www.ycut.com.tw/	2026-01-05T20:01:23.618Z	3	1	0	0	1
https://www.yda.gov.tw/	2026-01-05T20:50:35.809Z	2	0	0	0	1
https://www.ydn.com.tw/	2026-01-05T20:33:49.635Z	3	1	1	0	0
https://www.ylh.gov.tw/	2026-01-05T20:51:08.488Z	4	1	1	0	0
https://www.ymmis.com.tw	2026-01-05T20:01:52.802Z	1	0	1	0	0
https://www.ymsnp.gov.tw/	2026-01-05T21:10:19.744Z	6	3	1	0	0
https://www.yuanta.com.tw/	2026-01-05T19:52:50.688Z	3	2	0	0	1
https://www.yuantafutures.com.tw/	2026-01-05T21:02:18.935Z	4	2	0	0	1
https://www.yunlin.gov.tw/	2026-01-05T20:15:05.302Z	7	1	1	0	0
https://www.yzu.edu.tw/	2026-01-05T19:55:51.108Z	6	0	0	0	1
https://x-legend.com.tw	2026-01-05T20:35:07.886Z	0	0	1	0	0
https://x.com	2026-01-05T19:38:46.554Z	2	0	2	0	0
https://xbanxia.cc	2026-01-05T19:39:03.678Z	0	0	3	0	0
https://xiaoshuo.com.tw	2026-01-05T20:57:50.362Z	1	0	1	0	0
https://xiaoyakankan.com	2026-01-05T19:44:22.791Z	0	0	2	0	0
https://xn--cksr0a.tw	2026-01-05T20:37:44.402Z	4	0	1	0	0
https://xq.com.tw	2026-01-05T20:16:28.279Z	5	0	0	0	1
https://xsw.tw	2026-01-05T19:44:33.771Z	1	2	0	0	1
https://xtapes.tw	2026-01-05T19:55:58.869Z	2	0	3	0	0
https://xvideos.com	2026-01-05T19:40:46.673Z	0	0	5	1	0
https://yabeline.tw	2026-01-05T20:56:32.330Z	5	0	3	0	0
https://yahoo.com	2026-01-05T19:39:41.964Z	8	0	6	1	0
https://yahoo.com.tw	2026-01-05T19:43:15.022Z	8	1	6	0	0
https://yamol.tw	2026-01-05T20:05:57.169Z	4	1	6	0	0
https://yannick.com.tw	2026-01-05T21:06:18.761Z	10	3	2	0	0
https://yanray.com.tw	2026-01-05T21:12:22.710Z	1	0	0	0	1
https://yes123.com.tw	2026-01-05T20:09:49.166Z	4	0	2	0	0
https://yiehphui.com.tw	2026-01-05T21:08:22.151Z	1	1	0	0	1
https://yoke918.tw	2026-01-05T21:08:15.542Z	3	1	1	0	0
https://youbike.com.tw	2026-01-05T20:35:19.453Z	2	0	2	0	0
https://youtube.com	2026-01-05T19:38:16.146Z	6	0	0	0	1
https://youtube.com.tw	2026-01-05T20:30:02.465Z	6	0	0	0	1
https://ysponder.com.tw	2026-01-05T21:07:28.687Z	0	1	0	0	1
https://yuantabank.com.tw	2026-01-05T20:22:15.076Z	3	2	0	0	1
https://yunbus.tw	2026-01-05T19:58:54.258Z	2	0	1	0	0
https://yungching.com.tw	2026-01-05T20:06:02.687Z	7	3	3	0	0
https://zalora.com.tw	2026-01-05T19:48:57.119Z	1	0	0	0	1
https://ztv.tw	2026-01-05T21:11:49.226Z	1	0	2	0	0
https://zuvio.com.tw	2026-01-05T20:01:23.487Z	2	2	0	0	1